부산광역시 강서구 명지동,극동스타클래스,84.97,24800.0
부산광역시 강서구 명지동,롯데캐슬,84.93,26200.0
부산광역시 강서구 명지동,롯데캐슬,84.94,26800.0
부산광역시 강서구 명지동,롯데캐슬,84.94,24800.0
부산광역시 강서구 명지동,명지 대방노블랜드 오션뷰1차,84.9145,39500.0
부산광역시 강서구 명지동,명지 대방노블랜드 오션뷰1차,84.9341,38500.0
부산광역시 강서구 명지동,명지 대방노블랜드 오션뷰1차,84.9145,38000.0
부산광역시 강서구 명지동,명지 대방노블랜드 오션뷰1차,84.9341,34700.0
부산광역시 강서구 명지동,명지 대방노블랜드 오션뷰2차,84.9985,38500.0
부산광역시 강서구 명지동,명지 대방노블랜드 오션뷰2차,84.9975,38500.0
부산광역시 강서구 명지동,명지 협성휴포레,59.9566,23000.0
부산광역시 강서구 명지동,명지 협성휴포레,54.3113,23000.0
부산광역시 강서구 명지동,명지 협성휴포레,59.9566,25550.0
부산광역시 강서구 명지동,명지 협성휴포레,54.227,20500.0
부산광역시 강서구 명지동,명지 협성휴포레,59.9858,26000.0
부산광역시 강서구 명지동,명지 협성휴포레,54.227,21500.0
부산광역시 강서구 명지동,명지 협성휴포레,54.3113,23400.0
부산광역시 강서구 명지동,명지 협성휴포레,59.9858,26500.0
부산광역시 강서구 명지동,명지 협성휴포레,59.9858,27000.0
부산광역시 강서구 명지동,명지 협성휴포레,59.9858,26000.0
부산광역시 강서구 명지동,명지 협성휴포레,59.9395,24500.0
부산광역시 강서구 명지동,명지 협성휴포레,59.9858,23000.0
부산광역시 강서구 명지동,명지1차 금강펜테리움 센트럴파크,61.2559,27000.0
부산광역시 강서구 명지동,명지1차 금강펜테리움 센트럴파크,84.3911,33500.0
부산광역시 강서구 명지동,명지1차 금강펜테리움 센트럴파크,61.2559,28000.0
부산광역시 강서구 명지동,명지1차 금강펜테리움 센트럴파크,84.3911,33850.0
부산광역시 강서구 명지동,명지1차 금강펜테리움 센트럴파크,84.2591,33500.0
부산광역시 강서구 명지동,명지1차 금강펜테리움 센트럴파크,84.2591,34900.0
부산광역시 강서구 명지동,명지1차 금강펜테리움 센트럴파크,61.2559,24800.0
부산광역시 강서구 명지동,명지1차 금강펜테리움 센트럴파크,84.247,31500.0
부산광역시 강서구 명지동,명지2차 금강펜테리움 센트럴파크,84.3237,33400.0
부산광역시 강서구 명지동,명지2차 금강펜테리움 센트럴파크,66.0657,27000.0
부산광역시 강서구 명지동,명지2차 금강펜테리움 센트럴파크,66.0657,25000.0
부산광역시 강서구 명지동,명지국제신도시 호반베르디움1차,84.965,38400.0
부산광역시 강서구 명지동,명지국제신도시 호반베르디움1차,66.9173,31000.0
부산광역시 강서구 명지동,명지국제신도시 호반베르디움1차,66.9173,31500.0
부산광역시 강서구 명지동,명지국제신도시 호반베르디움1차,74.9342,32000.0
부산광역시 강서구 명지동,명지국제신도시 호반베르디움1차,66.9173,30900.0
부산광역시 강서구 명지동,명지국제신도시 호반베르디움1차,84.965,37300.0
부산광역시 강서구 명지동,명지국제신도시 호반베르디움1차,84.965,34500.0
부산광역시 강서구 명지동,명지국제신도시 호반베르디움2차,84.8015,35500.0
부산광역시 강서구 명지동,명지국제신도시 호반베르디움2차,84.8015,36300.0
부산광역시 강서구 명지동,명지두산위브포세이돈,70.8693,24200.0
부산광역시 강서구 명지동,명지두산위브포세이돈,84.9819,30600.0
부산광역시 강서구 명지동,명지두산위브포세이돈,70.8693,23500.0
부산광역시 강서구 명지동,명지두산위브포세이돈,84.9791,28500.0
부산광역시 강서구 명지동,명지오션시티삼정그린코아,70.6904,24000.0
부산광역시 강서구 명지동,명지오션시티삼정그린코아,70.6904,23900.0
부산광역시 강서구 명지동,명지오션시티삼정그린코아,70.6904,26800.0
부산광역시 강서구 명지동,명지오션시티한신휴플러스,84.99,28200.0
부산광역시 강서구 명지동,명지오션시티한신휴플러스,84.99,28300.0
부산광역시 강서구 명지동,부산명지 중흥S-클래스 에듀오션,84.6651,39000.0
부산광역시 강서구 명지동,부산명지 중흥S-클래스 프라디움,59.9704,28200.0
부산광역시 강서구 명지동,부산명지 중흥S-클래스 프라디움,59.9882,26200.0
부산광역시 강서구 명지동,부산명지 중흥S-클래스 프라디움,59.9704,26000.0
부산광역시 강서구 명지동,에일린의 뜰,75.7034,32100.0
부산광역시 강서구 명지동,에일린의 뜰,84.995,34000.0
부산광역시 강서구 명지동,에일린의 뜰,84.995,35000.0
부산광역시 강서구 명지동,에일린의 뜰,75.2857,28800.0
부산광역시 강서구 명지동,엘에이치오션타운,74.62,31000.0
부산광역시 강서구 명지동,엘에이치오션타운,84.61,36300.0
부산광역시 강서구 명지동,엘크루솔마레,72.713,28300.0
부산광역시 강서구 명지동,영어도시 퀸덤1차,84.97,27440.0
부산광역시 강서구 명지동,영어도시 퀸덤1차,84.85,24400.0
부산광역시 강서구 명지동,영어도시 퀸덤1차,84.97,28000.0
부산광역시 강서구 명지동,영어도시 퀸덤1차,84.85,24800.0
부산광역시 강서구 명지동,퀸덤1차링컨타운,84.97,27300.0
부산광역시 강서구 명지동,퀸덤1차링컨타운,84.85,25000.0
부산광역시 강서구 명지동,퀸덤1차에디슨타운,84.84,23000.0
부산광역시 강서구 명지동,퀸덤1차에디슨타운,84.97,26000.0
부산광역시 강서구 신호동,부산신호윌더하임,84.998,19000.0
부산광역시 강서구 신호동,부산신호윌더하임,84.998,19300.0
부산광역시 강서구 지사동,명진파크뷰,21.146,5900.0
부산광역시 강서구 지사동,명진파크뷰,21.146,5500.0
부산광역시 강서구 지사동,지사금강펜테리움,59.9429,11400.0
부산광역시 강서구 지사동,지사금강펜테리움,59.9444,10900.0
부산광역시 강서구 지사동,지사금강펜테리움,59.9875,14700.0
부산광역시 강서구 지사동,협성 · DS 엘리시안,59.9588,12200.0
부산광역시 강서구 지사동,협성 · DS 엘리시안,59.9588,16000.0
부산광역시 강서구 지사동,협성 · DS 엘리시안,59.9328,13300.0
부산광역시 강서구 지사동,협성 · DS 엘리시안,59.9588,13750.0
부산광역시 강서구 지사동,협성 · DS 엘리시안,59.9931,13500.0
부산광역시 금정구 구서동,경보,84.75,22000.0
부산광역시 금정구 구서동,고려,68.66,18500.0
부산광역시 금정구 구서동,구서동롯데캐슬골드2단지(1049),59.96,32300.0
부산광역시 금정구 구서동,구서백리명가에덴,68.97,31597.0
부산광역시 금정구 구서동,구서백리명가에덴,47.56,22403.0
부산광역시 금정구 구서동,구서백리명가에덴,49.86,23020.0
부산광역시 금정구 구서동,구서백리명가에덴,68.97,31148.0
부산광역시 금정구 구서동,구서백리명가에덴,49.86,23456.0
부산광역시 금정구 구서동,구서백리명가에덴,64.13,30142.0
부산광역시 금정구 구서동,구서벽산메가트리움,59.722,21200.0
부산광역시 금정구 구서동,구서시티타워,68.186,24800.0
부산광역시 금정구 구서동,구서우성,84.97,19800.0
부산광역시 금정구 구서동,삼산,54.271,12600.0
부산광역시 금정구 구서동,삼성(86-73),61.22,20000.0
부산광역시 금정구 구서동,삼성(86-73),61.22,20000.0
부산광역시 금정구 구서동,삼성(86-73),61.22,20000.0
부산광역시 금정구 구서동,삼성(86-73),61.22,20000.0
부산광역시 금정구 구서동,삼성(86-73),61.22,20000.0
부산광역시 금정구 구서동,삼성(86-73),61.22,20000.0
부산광역시 금정구 구서동,삼성(86-73),61.22,20000.0
부산광역시 금정구 구서동,삼성(86-73),61.22,20000.0
부산광역시 금정구 구서동,삼성(86-73),61.22,20000.0
부산광역시 금정구 구서동,삼성(86-73),61.22,20000.0
부산광역시 금정구 구서동,삼성(86-73),61.22,18000.0
부산광역시 금정구 구서동,삼성(86-73),61.22,18000.0
부산광역시 금정구 구서동,삼성(86-73),61.22,20000.0
부산광역시 금정구 구서동,삼성(86-73),61.22,20000.0
부산광역시 금정구 구서동,삼성(86-73),61.22,20000.0
부산광역시 금정구 구서동,삼성(86-73),61.22,20000.0
부산광역시 금정구 구서동,삼성(86-73),61.22,26000.0
부산광역시 금정구 구서동,삼성(86-73),61.22,20000.0
부산광역시 금정구 구서동,삼성(86-73),61.22,25000.0
부산광역시 금정구 구서동,삼성(86-73),61.22,25000.0
부산광역시 금정구 구서동,삼성(86-73),61.22,40000.0
부산광역시 금정구 구서동,삼성(86-73),61.22,20000.0
부산광역시 금정구 구서동,삼성(86-73),61.22,20000.0
부산광역시 금정구 구서동,삼성(86-73),61.22,20000.0
부산광역시 금정구 구서동,삼성(86-73),61.22,19000.0
부산광역시 금정구 구서동,삼성(86-73),61.22,20000.0
부산광역시 금정구 구서동,선경2,84.96,33700.0
부산광역시 금정구 구서동,선경3,84.82,21650.0
부산광역시 금정구 구서동,푸른마을,79.94,19200.0
부산광역시 금정구 구서동,한일,46.71,16300.0
부산광역시 금정구 구서동,협성그린,84.84,23000.0
부산광역시 금정구 금사동,삼한 사랑채,44.5526,14500.0
부산광역시 금정구 금사동,삼한 사랑채,44.5526,14500.0
부산광역시 금정구 금사동,삼한 사랑채,59.1983,21550.0
부산광역시 금정구 남산동,거성빌라,83.33,11200.0
부산광역시 금정구 남산동,경원A동,35.443,9300.0
부산광역시 금정구 남산동,국제그린파크,73.53,17200.0
부산광역시 금정구 남산동,나경위너스,72.611,26600.0
부산광역시 금정구 남산동,석산3차,69.76,13000.0
부산광역시 금정구 남산동,석산4,73.4,13900.0
부산광역시 금정구 남산동,아진펠리스,81.935,21900.0
부산광역시 금정구 남산동,현대그레이스,57.86,12250.0
부산광역시 금정구 부곡동,경남한신,59.99,21300.0
부산광역시 금정구 부곡동,경남한신,59.99,24400.0
부산광역시 금정구 부곡동,경남한신,59.99,22350.0
부산광역시 금정구 부곡동,뉴그린1,57.15,12300.0
부산광역시 금정구 부곡동,뉴그린1,57.15,14000.0
부산광역시 금정구 부곡동,뉴그린1,57.15,13500.0
부산광역시 금정구 부곡동,대우,59.93,29000.0
부산광역시 금정구 부곡동,대우,59.93,29500.0
부산광역시 금정구 부곡동,대우,40.95,20900.0
부산광역시 금정구 부곡동,대우,84.962,34700.0
부산광역시 금정구 부곡동,대우,84.95,35300.0
부산광역시 금정구 부곡동,대우,59.93,29000.0
부산광역시 금정구 부곡동,동원,59.46,15500.0
부산광역시 금정구 부곡동,동원,59.46,16800.0
부산광역시 금정구 부곡동,리치 하우스,71.26,20000.0
부산광역시 금정구 부곡동,부곡동대동다숲,84.9788,31450.0
부산광역시 금정구 부곡동,부곡동푸르지오,84.81,38200.0
부산광역시 금정구 부곡동,부곡시영,40.23,8200.0
부산광역시 금정구 부곡동,에스케이,59.813,28000.0
부산광역시 금정구 부곡동,에스케이,59.91,29500.0
부산광역시 금정구 부곡동,에스케이,84.93,36100.0
부산광역시 금정구 부곡동,에스케이,84.93,35750.0
부산광역시 금정구 부곡동,에스케이,84.93,39000.0
부산광역시 금정구 부곡동,온천리젠시타워아파트,64.51,23500.0
부산광역시 금정구 부곡동,우신뉴타운,84.87,29600.0
부산광역시 금정구 부곡동,우신뉴타운,59.82,19300.0
부산광역시 금정구 부곡동,우신뉴타운,84.87,32900.0
부산광역시 금정구 부곡동,우신뉴타운,59.82,19700.0
부산광역시 금정구 부곡동,위스빌,77.23,19000.0
부산광역시 금정구 부곡동,위클라우드16차,56.478,25600.0
부산광역시 금정구 부곡동,장전 서희스타힐스,84.6628,40000.0
부산광역시 금정구 부곡동,장전 서희스타힐스,75.8042,37800.0
부산광역시 금정구 부곡동,천아하늘정원,70.215,23100.0
부산광역시 금정구 부곡동,해은 빌리지,70.445,17020.0
부산광역시 금정구 부곡동,현대,84.845,17400.0
부산광역시 금정구 서동,LKS노빌리티,63.0122,23000.0
부산광역시 금정구 서동,대묵M-PARK(베스트로즈힐),80.86,21000.0
부산광역시 금정구 서동,서동현대,59.535,10700.0
부산광역시 금정구 서동,서동현대,49.085,8950.0
부산광역시 금정구 서동,서동현대,49.085,8900.0
부산광역시 금정구 서동,서동현대,49.085,8800.0
부산광역시 금정구 장전동,금정산 2차 쌍용 예가,84.9428,40000.0
부산광역시 금정구 장전동,금정산 태진팰리스,49.36,19000.0
부산광역시 금정구 장전동,금정산쌍용예가,84.86,38200.0
부산광역시 금정구 장전동,금정산쌍용예가,84.9024,40000.0
부산광역시 금정구 장전동,백리명가 에덴,47.6433,19000.0
부산광역시 금정구 장전동,벽산블루밍 장전 디자인시티 2단지,67.41,38000.0
부산광역시 금정구 장전동,엘지금정,84.82,25500.0
부산광역시 금정구 장전동,온천화목,72.26,28000.0
부산광역시 금정구 장전동,온천화목,72.26,28000.0
부산광역시 금정구 장전동,윤성리버티,49.7526,22800.0
부산광역시 금정구 장전동,장전경보,59.815,21000.0
부산광역시 금정구 장전동,장전동 금정산 SK VIEW,59.979,38500.0
부산광역시 금정구 장전동,장전동 금정산 SK VIEW,59.979,36000.0
부산광역시 금정구 장전동,장전동 금정산 SK VIEW,59.979,33800.0
부산광역시 금정구 장전동,파크아트온,49.03,22000.0
부산광역시 금정구 장전동,파크아트온,49.03,21100.0
부산광역시 금정구 장전동,파크아트온,49.03,22000.0
부산광역시 금정구 장전동,허브팰리스장전,77.6481,33500.0
부산광역시 금정구 장전동,허브팰리스장전,73.8558,31500.0
부산광역시 금정구 장전동,현대2,59.94,24500.0
부산광역시 금정구 장전동,현대2,84.69,30000.0
부산광역시 금정구 청룡동,범양빌라,80.19,19700.0
부산광역시 금정구 청룡동,범양빌라,83.25,19400.0
부산광역시 기장군 기장읍 교리,부전타워,55.26,10500.0
부산광역시 기장군 기장읍 교리,부전타워,83.61,16000.0
부산광역시 기장군 기장읍 교리,이진 캐스빌블루 1차,84.9005,27500.0
부산광역시 기장군 기장읍 교리,이진 캐스빌블루 1차,84.922,27800.0
부산광역시 기장군 기장읍 교리,태영,59.75,13300.0
부산광역시 기장군 기장읍 내리,동부산 뜨란채,84.74,31800.0
부산광역시 기장군 기장읍 대라리,금강궁전-1,84.81,10000.0
부산광역시 기장군 기장읍 대라리,담덕기장센텀,48.54,13900.0
부산광역시 기장군 기장읍 대라리,삼협 아띠랑스,55.802,15000.0
부산광역시 기장군 기장읍 대라리,이진캐스빌,59.91,16250.0
부산광역시 기장군 기장읍 대라리,이진캐스빌골드,84.5689,27000.0
부산광역시 기장군 기장읍 대변리,대변그린비치빌,84.9159,14000.0
부산광역시 기장군 기장읍 동부리,동호그린빌라,74.14,8500.0
부산광역시 기장군 기장읍 동부리,삼화 펠리스힐 아파트,73.8194,11020.0
부산광역시 기장군 기장읍 동부리,월드파크A동,35.58,5100.0
부산광역시 기장군 기장읍 동부리,한신,59.85,14250.0
부산광역시 기장군 기장읍 동부리,한신,84.985,19750.0
부산광역시 기장군 기장읍 동부리,한신,59.85,14200.0
부산광역시 기장군 기장읍 동부리,한신,84.985,19300.0
부산광역시 기장군 기장읍 서부리,이진테마빌,51.2689,10900.0
부산광역시 기장군 기장읍 청강리,씨앤스타빌,49.96,12500.0
부산광역시 기장군 기장읍 청강리,청강주공,42.48,13150.0
부산광역시 기장군 일광면 이천리,동부산쏠마레,49.0658,15600.0
부산광역시 기장군 일광면 이천리,동부산쏠마레,49.0658,13750.0
부산광역시 기장군 정관읍 달산리,재흥,46.895,7970.0
부산광역시 기장군 정관읍 달산리,재흥,49.4,7000.0
부산광역시 기장군 정관읍 달산리,정관1차동원로얄듀크,59.997,19000.0
부산광역시 기장군 정관읍 달산리,정관1차동원로얄듀크,59.997,18350.0
부산광역시 기장군 정관읍 달산리,정관1차동원로얄듀크,79.6089,24300.0
부산광역시 기장군 정관읍 달산리,정관1차동원로얄듀크,79.6089,22800.0
부산광역시 기장군 정관읍 달산리,정관센트럴파크,84.59,23000.0
부산광역시 기장군 정관읍 달산리,정관센트럴파크,84.99,22700.0
부산광역시 기장군 정관읍 매학리,정관2차동원로얄듀크,84.999,28500.0
부산광역시 기장군 정관읍 매학리,정관2차동원로얄듀크,84.999,28500.0
부산광역시 기장군 정관읍 매학리,정관2차동원로얄듀크,59.997,22450.0
부산광역시 기장군 정관읍 매학리,정관2차동원로얄듀크,59.997,21800.0
부산광역시 기장군 정관읍 매학리,정관2차동원로얄듀크,59.997,22900.0
부산광역시 기장군 정관읍 모전리,동일스위트 3차,84.9174,24000.0
부산광역시 기장군 정관읍 모전리,동일스위트 3차,84.9938,23000.0
부산광역시 기장군 정관읍 모전리,동일스위트 3차,84.9174,23000.0
부산광역시 기장군 정관읍 모전리,동일스위트 3차,84.9174,23850.0
부산광역시 기장군 정관읍 모전리,이지 더원 2차,59.8935,17300.0
부산광역시 기장군 정관읍 모전리,이지 더원 2차,59.8935,18300.0
부산광역시 기장군 정관읍 모전리,이지 더원 2차,84.9644,23500.0
부산광역시 기장군 정관읍 모전리,이지 더원 2차,59.8935,17100.0
부산광역시 기장군 정관읍 모전리,이지 더원 3차,84.97,24800.0
부산광역시 기장군 정관읍 모전리,이지 더원 3차,74.1653,22700.0
부산광역시 기장군 정관읍 모전리,이지 더원 3차,65.6536,20000.0
부산광역시 기장군 정관읍 모전리,이지 더원 3차,74.1653,20950.0
부산광역시 기장군 정관읍 모전리,이지 더원 3차,65.6536,20300.0
부산광역시 기장군 정관읍 모전리,이지더원,84.7808,22000.0
부산광역시 기장군 정관읍 모전리,이지더원,59.8832,15500.0
부산광역시 기장군 정관읍 모전리,이지더원,84.7808,21000.0
부산광역시 기장군 정관읍 모전리,이지더원,59.8832,16000.0
부산광역시 기장군 정관읍 모전리,정관 동일스위트 2차,84.9803,22000.0
부산광역시 기장군 정관읍 모전리,정관 동일스위트 2차,59.9337,16400.0
부산광역시 기장군 정관읍 모전리,정관 동일스위트 2차,84.9803,21700.0
부산광역시 기장군 정관읍 모전리,정관 동일스위트 2차,59.9337,16800.0
부산광역시 기장군 정관읍 모전리,정관 동일스위트 2차,84.9864,22000.0
부산광역시 기장군 정관읍 모전리,정관 동일스위트 2차,59.9337,17300.0
부산광역시 기장군 정관읍 모전리,정관 동일스위트 2차,78.5355,20200.0
부산광역시 기장군 정관읍 모전리,정관 동일스위트 2차,84.9803,22000.0
부산광역시 기장군 정관읍 방곡리,서희스타힐스,59.95,17400.0
부산광역시 기장군 정관읍 방곡리,서희스타힐스,84.53,19800.0
부산광역시 기장군 정관읍 방곡리,서희스타힐스,59.81,17200.0
부산광역시 기장군 정관읍 방곡리,서희스타힐스,84.73,18000.0
부산광역시 기장군 정관읍 방곡리,정관 가화만사성 더 테라스 1차,60.1758,21300.0
부산광역시 기장군 정관읍 방곡리,정관 가화만사성 더 테라스 1차,60.1758,22800.0
부산광역시 기장군 정관읍 방곡리,정관 가화만사성 더 테라스2차,60.1758,22500.0
부산광역시 기장군 정관읍 용수리,이진 캐스빌,84.9281,31500.0
부산광역시 기장군 정관읍 용수리,이진 캐스빌,84.9821,30000.0
부산광역시 기장군 정관읍 용수리,이진 캐스빌,84.9821,30900.0
부산광역시 기장군 정관읍 용수리,정관 동일스위트1차,84.9923,27700.0
부산광역시 기장군 정관읍 용수리,정관 동일스위트1차,59.6502,18000.0
부산광역시 기장군 정관읍 용수리,정관 동일스위트1차,59.8302,19000.0
부산광역시 기장군 정관읍 용수리,정관 동일스위트1차,84.8734,23700.0
부산광역시 기장군 정관읍 용수리,정관 동일스위트1차,84.9971,24400.0
부산광역시 기장군 정관읍 용수리,정관 동일스위트1차,84.8734,24300.0
부산광역시 기장군 정관읍 용수리,정관 이진캐스빌2차,84.7894,27000.0
부산광역시 기장군 정관읍 용수리,정관 이진캐스빌2차,84.7894,27000.0
부산광역시 기장군 정관읍 용수리,정관신도시롯데캐슬,84.9,22200.0
부산광역시 기장군 철마면 고촌리,고촌엘에이치,84.97,30500.0
부산광역시 기장군 철마면 고촌리,고촌엘에이치,84.78,30200.0
부산광역시 기장군 철마면 고촌리,고촌엘에이치,84.97,27500.0
부산광역시 기장군 철마면 고촌리,고촌엘에이치,84.95,28700.0
부산광역시 남구 감만동,감만현대1차,59.92,13500.0
부산광역시 남구 감만동,감만현대1차,59.92,12200.0
부산광역시 남구 감만동,삼일,49.32,10500.0
부산광역시 남구 감만동,우암자유5,42.86,12470.0
부산광역시 남구 대연동,경동메르빌,84.9227,26400.0
부산광역시 남구 대연동,경동메르빌,59.9094,19500.0
부산광역시 남구 대연동,광이드림타워,84.8,22000.0
부산광역시 남구 대연동,뉴골든(1738-14),83.315,23800.0
부산광역시 남구 대연동,대연그린(281-52),56.38,13200.0
부산광역시 남구 대연동,대연극동Star Class,59.73,18000.0
부산광역시 남구 대연동,대연극동Star Class,84.93,27600.0
부산광역시 남구 대연동,대연동동일스위트,31.8492,12200.0
부산광역시 남구 대연동,대연동동일스위트,33.7842,12100.0
부산광역시 남구 대연동,대연동에스케이뷰,59.8051,26000.0
부산광역시 남구 대연동,대연동에스케이뷰,84.9944,28000.0
부산광역시 남구 대연동,대연로얄,84.93,30000.0
부산광역시 남구 대연동,대연비치,42.93,30000.0
부산광역시 남구 대연동,대연비치,66.87,40000.0
부산광역시 남구 대연동,대연비치,42.93,34165.0
부산광역시 남구 대연동,대연비치,42.93,33765.0
부산광역시 남구 대연동,대연비치,42.93,33905.0
부산광역시 남구 대연동,대왕골든빌리지,64.85,17500.0
부산광역시 남구 대연동,대우그린1,59.99,15700.0
부산광역시 남구 대연동,대우그린1,59.99,14800.0
부산광역시 남구 대연동,대우그린2,84.95,21500.0
부산광역시 남구 대연동,더샵골드,77.74,29500.0
부산광역시 남구 대연동,더샵골드,50.75,22500.0
부산광역시 남구 대연동,더샵월드타워,64.005,24700.0
부산광역시 남구 대연동,동경쉐르빌,36.5,15000.0
부산광역시 남구 대연동,마로니에타운,27.0,9400.0
부산광역시 남구 대연동,마마(1781-66),59.475,13000.0
부산광역시 남구 대연동,반도보라맨션,59.58,26500.0
부산광역시 남구 대연동,벽산e-솔렌스힐,16.6503,10400.0
부산광역시 남구 대연동,벽산e-솔렌스힐,16.6503,11000.0
부산광역시 남구 대연동,벽산e-솔렌스힐,16.7027,11150.0
부산광역시 남구 대연동,부림1차,84.92,23500.0
부산광역시 남구 대연동,부산대연동푸르지오,73.13,39000.0
부산광역시 남구 대연동,부산대연동푸르지오,73.13,38000.0
부산광역시 남구 대연동,삼성,84.87,24900.0
부산광역시 남구 대연동,삼익그린,84.98,23250.0
부산광역시 남구 대연동,삼익그린,84.98,20000.0
부산광역시 남구 대연동,아이홈대연,84.8362,38200.0
부산광역시 남구 대연동,오양양지,84.51,30000.0
부산광역시 남구 대연동,정원그린타워,84.4875,24300.0
부산광역시 남구 대연동,진송드림빌,68.29,19500.0
부산광역시 남구 대연동,태백(1505-10),82.575,21500.0
부산광역시 남구 대연동,현대(1203-47),59.4,20000.0
부산광역시 남구 대연동,현대(1203-47),84.846,29000.0
부산광역시 남구 문현동,광원문현맨션,84.96,18000.0
부산광역시 남구 문현동,광원문현맨션,84.96,16700.0
부산광역시 남구 문현동,대도라이프타운,71.67,14100.0
부산광역시 남구 문현동,동천맨션,62.15,15000.0
부산광역시 남구 문현동,문현 범양레우스,65.69,29000.0
부산광역시 남구 문현동,문현 범양레우스,67.6428,29500.0
부산광역시 남구 문현동,문현2차현대,74.56,22000.0
부산광역시 남구 문현동,문현2차현대,59.62,18000.0
부산광역시 남구 문현동,문현2차현대,74.56,18800.0
부산광역시 남구 문현동,문현2차현대,59.62,18000.0
부산광역시 남구 문현동,문현동 태영데시앙,84.5849,32000.0
부산광역시 남구 문현동,문현파크,46.44,11500.0
부산광역시 남구 문현동,벽산기린,84.95,22500.0
부산광역시 남구 문현동,벽산기린,84.95,22800.0
부산광역시 남구 문현동,삼성,84.85,33000.0
부산광역시 남구 문현동,삼성,84.85,31400.0
부산광역시 남구 문현동,삼성,59.92,25000.0
부산광역시 남구 문현동,삼한사랑채,84.99,25500.0
부산광역시 남구 문현동,세영맨션,57.15,11000.0
부산광역시 남구 문현동,시티프라자,59.4,21800.0
부산광역시 남구 문현동,시티프라자,59.4,20000.0
부산광역시 남구 문현동,한맥현대,59.99,15200.0
부산광역시 남구 문현동,한양,74.18,18770.0
부산광역시 남구 문현동,현대,59.951,19400.0
부산광역시 남구 문현동,현대,59.951,20000.0
부산광역시 남구 문현동,현대,59.951,19900.0
부산광역시 남구 문현동,현대,84.846,27000.0
부산광역시 남구 용당동,신대연코오롱하늘채,84.6588,27850.0
부산광역시 남구 용당동,용당창조,45.83,9000.0
부산광역시 남구 용당동,한신문화타운,84.97,20900.0
부산광역시 남구 용호동,LG메트로시티4,63.238,30400.0
부산광역시 남구 용호동,LG메트로시티4,84.888,39500.0
부산광역시 남구 용호동,LG메트로시티4,70.918,33800.0
부산광역시 남구 용호동,LG메트로시티4,63.238,29800.0
부산광역시 남구 용호동,LG메트로시티4-2,84.888,40000.0
부산광역시 남구 용호동,LG메트로시티5,59.99,29500.0
부산광역시 남구 용호동,경동,83.73,22900.0
부산광역시 남구 용호동,경동,83.68,21100.0
부산광역시 남구 용호동,대광타워맨션,84.93,15300.0
부산광역시 남구 용호동,도시타워,62.78,10100.0
부산광역시 남구 용호동,도시타워,62.78,9500.0
부산광역시 남구 용호동,동일타운,75.61,18800.0
부산광역시 남구 용호동,동일타운,84.97,20500.0
부산광역시 남구 용호동,롯데캐슬아인스,84.898,26300.0
부산광역시 남구 용호동,목련6차,63.53,9800.0
부산광역시 남구 용호동,벽산화이트타워,84.92,20000.0
부산광역시 남구 용호동,벽산화이트타워,84.91,17400.0
부산광역시 남구 용호동,벽산화이트타워,59.97,12500.0
부산광역시 남구 용호동,삼성,47.34,6500.0
부산광역시 남구 용호동,엘지메트로시티1,85.0,37400.0
부산광역시 남구 용호동,엘지메트로시티1,84.98,37500.0
부산광역시 남구 용호동,엘지메트로시티1,85.0,35700.0
부산광역시 남구 용호동,엘지메트로시티1,84.98,37900.0
부산광역시 남구 용호동,엘지메트로시티1,84.98,38500.0
부산광역시 남구 용호동,엘지메트로시티1,59.97,29500.0
부산광역시 남구 용호동,엘지메트로시티1,84.98,36200.0
부산광역시 남구 용호동,오륙도에스케이뷰,84.9636,37600.0
부산광역시 남구 용호동,오륙도에스케이뷰,84.9636,38000.0
부산광역시 남구 용호동,용호동 일신 님(林)Ⅱ,84.975,30800.0
부산광역시 남구 용호동,용호동 일신 님(林)Ⅱ,59.9653,25800.0
부산광역시 남구 용호동,용호동 일신 님(林)Ⅱ,84.975,32400.0
부산광역시 남구 용호동,용호동 일신 님(林)Ⅱ,59.9653,25700.0
부산광역시 남구 용호동,용호동 일신 님(林)Ⅱ,84.975,34800.0
부산광역시 남구 용호동,용호예가,84.9995,34700.0
부산광역시 남구 용호동,용호예가,84.9995,32500.0
부산광역시 남구 용호동,용호예가,84.9995,34500.0
부산광역시 남구 용호동,용호예가,59.9639,24400.0
부산광역시 남구 용호동,용호예가,59.9639,23450.0
부산광역시 남구 용호동,용호예가,59.9639,23900.0
부산광역시 남구 용호동,용호예가,59.9639,23900.0
부산광역시 남구 용호동,용호예가,59.9639,24000.0
부산광역시 남구 용호동,용호예가,84.8644,34500.0
부산광역시 남구 용호동,용호예가,59.9639,23900.0
부산광역시 남구 용호동,용호예가,59.9639,24000.0
부산광역시 남구 용호동,용호예가,59.9639,24000.0
부산광역시 남구 용호동,용호예가,59.992,23450.0
부산광역시 남구 용호동,용호예가,59.9639,23700.0
부산광역시 남구 용호동,용호예가,59.9639,23700.0
부산광역시 남구 용호동,용호예가,59.9639,23700.0
부산광역시 남구 용호동,용호주공,49.62,14900.0
부산광역시 남구 용호동,일신프리빌리지,84.93,28500.0
부산광역시 남구 용호동,일신프리빌리지,84.99,25500.0
부산광역시 남구 용호동,한라임대,56.4,4950.0
부산광역시 남구 용호동,한진훼미리타운,48.72,9950.0
부산광역시 남구 용호동,한진훼미리타운,48.72,9400.0
부산광역시 남구 용호동,현대비치,59.62,21000.0
부산광역시 남구 용호동,협진태양,44.59,6900.0
부산광역시 남구 우암동,대승하이아트,59.78,16800.0
부산광역시 남구 우암동,아신,84.1,22000.0
부산광역시 남구 우암동,아신,84.1,21055.0
부산광역시 남구 우암동,아신,84.1,20540.0
부산광역시 남구 우암동,우암중앙하이츠,84.5909,27550.0
부산광역시 남구 우암동,우암중앙하이츠,26.9625,8500.0
부산광역시 남구 우암동,일신보라,84.87,21200.0
부산광역시 남구 우암동,일신보라,84.87,20000.0
부산광역시 남구 우암동,일신보라,84.87,21500.0
부산광역시 동구 범일동,두산위브포세이돈2,84.98,30000.0
부산광역시 동구 범일동,두산위브포세이돈2,84.99,31100.0
부산광역시 동구 범일동,성무 아이반 스타,34.25,13120.0
부산광역시 동구 범일동,오션브릿지,59.92,26500.0
부산광역시 동구 범일동,오션브릿지,84.98,34700.0
부산광역시 동구 범일동,오션브릿지,84.95,35300.0
부산광역시 동구 범일동,오션브릿지,84.98,34000.0
부산광역시 동구 범일동,진흥마제스타워 범일,84.698,31500.0
부산광역시 동구 범일동,한성기린,60.0,16000.0
부산광역시 동구 수정동,대근아트빌라-1,77.55,17000.0
부산광역시 동구 수정동,수정(1181-4),36.36,2000.0
부산광역시 동구 수정동,아르미나아파트,84.9,23000.0
부산광역시 동구 수정동,오름CASTLE,49.51,17000.0
부산광역시 동구 좌천동,문화,39.67,3700.0
부산광역시 동구 좌천동,문화,39.67,4000.0
부산광역시 동구 좌천동,선경뉴빌,49.62,12300.0
부산광역시 동구 좌천동,좌천서린엘마르더뷰,59.8947,25700.0
부산광역시 동구 좌천동,좌천서린엘마르더뷰,59.8947,25200.0
부산광역시 동구 좌천동,좌천서린엘마르더뷰,59.8947,25200.0
부산광역시 동구 좌천동,좌천서린엘마르더뷰,59.8947,25450.0
부산광역시 동구 좌천동,좌천서린엘마르더뷰,59.8947,25050.0
부산광역시 동구 좌천동,좌천서린엘마르더뷰,59.8947,25950.0
부산광역시 동구 좌천동,좌천서린엘마르더뷰,59.8947,25200.0
부산광역시 동구 좌천동,좌천서린엘마르더뷰,59.8947,25200.0
부산광역시 동구 좌천동,좌천서린엘마르더뷰,59.8947,25450.0
부산광역시 동구 좌천동,좌천서린엘마르더뷰,53.7522,21800.0
부산광역시 동구 좌천동,좌천서린엘마르더뷰,59.8947,25200.0
부산광역시 동구 좌천동,좌천서린엘마르더뷰,59.8947,25200.0
부산광역시 동구 좌천동,좌천서린엘마르더뷰,59.485,25050.0
부산광역시 동구 좌천동,좌천서린엘마르더뷰,59.8947,25700.0
부산광역시 동구 좌천동,좌천서린엘마르더뷰,59.8947,25200.0
부산광역시 동구 좌천동,좌천서린엘마르더뷰,59.8947,25700.0
부산광역시 동구 좌천동,좌천서린엘마르더뷰,59.8947,25200.0
부산광역시 동구 좌천동,좌천서린엘마르더뷰,59.8947,25700.0
부산광역시 동구 좌천동,좌천서린엘마르더뷰,49.4318,20300.0
부산광역시 동구 좌천동,좌천서린엘마르더뷰,59.8947,25200.0
부산광역시 동구 좌천동,좌천서린엘마르더뷰,59.8947,25700.0
부산광역시 동구 좌천동,좌천서린엘마르더뷰,59.8947,25700.0
부산광역시 동구 좌천동,좌천서린엘마르더뷰,59.8947,25200.0
부산광역시 동구 좌천동,좌천서린엘마르더뷰,59.8947,24950.0
부산광역시 동구 좌천동,좌천서린엘마르더뷰,59.8947,25700.0
부산광역시 동구 좌천동,좌천서린엘마르더뷰,59.8947,25450.0
부산광역시 동구 좌천동,좌천서린엘마르더뷰,49.4318,20000.0
부산광역시 동구 좌천동,좌천서린엘마르더뷰,59.8947,25100.0
부산광역시 동구 좌천동,좌천서린엘마르더뷰,59.8947,25700.0
부산광역시 동구 좌천동,좌천서린엘마르더뷰,59.8947,26100.0
부산광역시 동구 좌천동,좌천서린엘마르더뷰,59.8947,25800.0
부산광역시 동구 좌천동,좌천서린엘마르더뷰,59.8947,25800.0
부산광역시 동구 좌천동,좌천서린엘마르더뷰,59.8947,25100.0
부산광역시 동구 좌천동,좌천서린엘마르더뷰,59.8947,25700.0
부산광역시 동구 좌천동,좌천서린엘마르더뷰,59.8947,25800.0
부산광역시 동구 좌천동,좌천서린엘마르더뷰,53.7522,21700.0
부산광역시 동구 초량동,동이라메르,48.47,18500.0
부산광역시 동구 초량동,부산역 유림줄리엣,16.724,7800.0
부산광역시 동구 초량동,부산역 유림줄리엣,16.724,9200.0
부산광역시 동구 초량동,센트럴베이동원로얄듀크비스타,84.6,34000.0
부산광역시 동구 초량동,센트럴베이동원로얄듀크비스타,84.963,30500.0
부산광역시 동구 초량동,센트럴베이동원로얄듀크비스타,84.6,34000.0
부산광역시 동구 초량동,센트럴베이동원로얄듀크비스타,84.6,34000.0
부산광역시 동구 초량동,한울시너스,47.97,16500.0
부산광역시 동래구 낙민동,동래벽산,84.9,24700.0
부산광역시 동래구 낙민동,동래벽산,59.916,21200.0
부산광역시 동래구 낙민동,동래우성,59.64,20900.0
부산광역시 동래구 낙민동,동래우성,40.3,16450.0
부산광역시 동래구 낙민동,동서허브H,49.99,17900.0
부산광역시 동래구 낙민동,동원로얄듀크,59.955,23000.0
부산광역시 동래구 낙민동,동원로얄듀크,59.955,24500.0
부산광역시 동래구 낙민동,동원로얄듀크,84.86,25800.0
부산광역시 동래구 낙민동,동원로얄듀크,84.98,33700.0
부산광역시 동래구 낙민동,부일스톤캐슬,44.92,21100.0
부산광역시 동래구 낙민동,중앙하이츠1,59.9,18100.0
부산광역시 동래구 낙민동,중앙하이츠2,84.83,26500.0
부산광역시 동래구 낙민동,한신,84.93,26700.0
부산광역시 동래구 낙민동,한신1,72.18,22000.0
부산광역시 동래구 낙민동,한일유앤아이,84.9397,36700.0
부산광역시 동래구 낙민동,한일유앤아이,76.6135,32500.0
부산광역시 동래구 낙민동,한일유앤아이,84.9573,37000.0
부산광역시 동래구 낙민동,한일유앤아이,84.9397,35500.0
부산광역시 동래구 낙민동,한일유앤아이,84.9854,33800.0
부산광역시 동래구 낙민동,한일유앤아이,84.9854,33800.0
부산광역시 동래구 낙민동,한일유앤아이,84.9854,35400.0
부산광역시 동래구 명륜동,명륜2차아이파크,59.9038,34000.0
부산광역시 동래구 명륜동,명륜2차아이파크,59.9038,36700.0
부산광역시 동래구 명륜동,명륜2차아이파크,59.9038,38000.0
부산광역시 동래구 명륜동,명륜아이파크1단지,62.636,38450.0
부산광역시 동래구 명륜동,엘리유리안,84.99,30850.0
부산광역시 동래구 명장동,동래동일스위트,67.8923,30100.0
부산광역시 동래구 명장동,동래동일스위트,84.861,37000.0
부산광역시 동래구 명장동,동래동일스위트,75.8617,32300.0
부산광역시 동래구 명장동,동래동일스위트,67.8923,29250.0
부산광역시 동래구 명장동,동양맨션,58.28,12300.0
부산광역시 동래구 명장동,명장경동,84.78,25800.0
부산광역시 동래구 명장동,명장유림노르웨이숲,59.8679,22000.0
부산광역시 동래구 명장동,명장유림노르웨이숲,59.8679,24500.0
부산광역시 동래구 명장동,명장일양타운,73.33,16700.0
부산광역시 동래구 명장동,삼성타운,59.61,22000.0
부산광역시 동래구 명장동,삼정그린빌라,84.61,19300.0
부산광역시 동래구 명장동,새동양맨숀,56.02,11500.0
부산광역시 동래구 명장동,안락시영(충렬),44.01,15800.0
부산광역시 동래구 명장동,안락시영(충렬),44.01,16000.0
부산광역시 동래구 명장동,안락시영(충렬),44.01,16700.0
부산광역시 동래구 명장동,안락시영(충렬),44.01,15800.0
부산광역시 동래구 명장동,안락시영(충렬),44.01,15300.0
부산광역시 동래구 명장동,영산무지개타운,84.975,17300.0
부산광역시 동래구 명장동,영산무지개타운,67.54,14200.0
부산광역시 동래구 명장동,조양,54.93,14300.0
부산광역시 동래구 명장동,조양,60.69,16000.0
부산광역시 동래구 명장동,협진태양,76.05,18000.0
부산광역시 동래구 복천동,동래 더 씨드,65.88,25110.0
부산광역시 동래구 복천동,동래 더 씨드,65.88,25110.0
부산광역시 동래구 복천동,동래 더 씨드,39.86,15810.0
부산광역시 동래구 복천동,동래 더 씨드,39.86,15810.0
부산광역시 동래구 복천동,동래 더 씨드,65.88,25110.0
부산광역시 동래구 복천동,동호,39.01,12900.0
부산광역시 동래구 사직동,대영캐슬,84.87,20750.0
부산광역시 동래구 사직동,동원,44.01,12500.0
부산광역시 동래구 사직동,백산2,60.39,17000.0
부산광역시 동래구 사직동,사직KCC스위첸 1단지,59.9973,39000.0
부산광역시 동래구 사직동,사직쌍용예가,84.965,31500.0
부산광역시 동래구 사직동,사직쌍용예가,59.937,26600.0
부산광역시 동래구 사직동,사직쌍용예가,84.965,32000.0
부산광역시 동래구 사직동,사직쌍용예가,84.965,34200.0
부산광역시 동래구 사직동,사직쌍용예가,59.937,24500.0
부산광역시 동래구 사직동,삼익,61.98,25800.0
부산광역시 동래구 사직동,삼정그린코아,84.76,25800.0
부산광역시 동래구 사직동,삼환나우빌,59.972,27950.0
부산광역시 동래구 사직동,삼환나우빌,76.559,36250.0
부산광역시 동래구 사직동,한신,84.94,19400.0
부산광역시 동래구 사직동,한신,59.8,18000.0
부산광역시 동래구 사직동,한신,84.94,21900.0
부산광역시 동래구 사직동,현창빌2차,84.71,24000.0
부산광역시 동래구 수안동,반도보라,84.9,20000.0
부산광역시 동래구 수안동,새동래1(가~라동),84.96,37400.0
부산광역시 동래구 수안동,새동래1(가~라동),64.16,28400.0
부산광역시 동래구 수안동,새동래3,51.22,15000.0
부산광역시 동래구 수안동,세영맨션,69.29,18000.0
부산광역시 동래구 수안동,수안,50.58,18000.0
부산광역시 동래구 수안동,수안,50.68,18000.0
부산광역시 동래구 수안동,수안동 미소지음 아파트,75.6458,28600.0
부산광역시 동래구 수안동,수안동신맨션,64.8,15000.0
부산광역시 동래구 수안동,조성하이츠,59.8,21900.0
부산광역시 동래구 수안동,조성하이츠,59.865,21900.0
부산광역시 동래구 수안동,하나로2차,64.27,15800.0
부산광역시 동래구 수안동,한진,59.4,21313.0
부산광역시 동래구 수안동,한진,59.4,21313.0
부산광역시 동래구 안락동,강변뜨란채,59.69,30000.0
부산광역시 동래구 안락동,강변뜨란채,74.65,31500.0
부산광역시 동래구 안락동,강변뜨란채,74.65,33500.0
부산광역시 동래구 안락동,강변뜨란채,84.92,35000.0
부산광역시 동래구 안락동,강변뜨란채,59.69,28400.0
부산광역시 동래구 안락동,강변뜨란채,59.69,26800.0
부산광역시 동래구 안락동,강변뜨란채,84.92,33650.0
부산광역시 동래구 안락동,남흥,84.97,22500.0
부산광역시 동래구 안락동,동래 보해이브,50.4481,20700.0
부산광역시 동래구 안락동,동부산아이존빌,84.8354,31500.0
부산광역시 동래구 안락동,석천,73.65,17000.0
부산광역시 동래구 안락동,안락 경동리인 아파트,55.3581,28500.0
부산광역시 동래구 안락동,안락 경동리인 아파트,72.2042,33800.0
부산광역시 동래구 안락동,안락 경동리인 아파트,55.3581,29500.0
부산광역시 동래구 안락동,안락 경동리인 아파트,55.3581,28150.0
부산광역시 동래구 안락동,안락SKVIEW,84.96,26000.0
부산광역시 동래구 안락동,안락SKVIEW,59.91,24000.0
부산광역시 동래구 안락동,안락SKVIEW,84.96,27000.0
부산광역시 동래구 안락동,안락SKVIEW,59.813,24300.0
부산광역시 동래구 안락동,안락SKVIEW,84.96,29300.0
부산광역시 동래구 안락동,안락SKVIEW,59.813,24900.0
부산광역시 동래구 안락동,안락뜨란채1단지,74.65,30000.0
부산광역시 동래구 안락동,안락뜨란채2단지,59.98,25900.0
부산광역시 동래구 안락동,안락뜨란채2단지,84.92,34900.0
부산광역시 동래구 안락동,안락뜨란채2단지,84.92,33000.0
부산광역시 동래구 안락동,안락뜨란채2단지,51.86,23500.0
부산광역시 동래구 안락동,안락뜨란채2단지,74.65,31800.0
부산광역시 동래구 안락동,안락현대,59.87,18950.0
부산광역시 동래구 안락동,안락현대,59.87,21700.0
부산광역시 동래구 안락동,안락현대,77.85,23000.0
부산광역시 동래구 안락동,에스케이쁘띠메종,84.77,26000.0
부산광역시 동래구 안락동,에스케이쁘띠메종,84.77,25400.0
부산광역시 동래구 안락동,충렬,50.04,15000.0
부산광역시 동래구 안락동,충렬,62.61,18600.0
부산광역시 동래구 안락동,충렬,57.24,15700.0
부산광역시 동래구 안락동,충렬,50.04,15700.0
부산광역시 동래구 안락동,충렬,50.04,15650.0
부산광역시 동래구 안락동,크로바맨션,49.32,13550.0
부산광역시 동래구 안락동,한성기린,48.8,13200.0
부산광역시 동래구 안락동,한우,45.89,10800.0
부산광역시 동래구 안락동,화목,84.95,21000.0
부산광역시 동래구 온천동,KH파인우스,43.7575,20590.0
부산광역시 동래구 온천동,경보이리스힐,75.0298,16700.0
부산광역시 동래구 온천동,더블루원2차,52.78,16900.0
부산광역시 동래구 온천동,동경쉐르빌,84.5,25000.0
부산광역시 동래구 온천동,동래대우,59.9467,29300.0
부산광역시 동래구 온천동,동래대우,84.5444,35000.0
부산광역시 동래구 온천동,동래삼정그린코아포레스트,84.5635,39000.0
부산광역시 동래구 온천동,동부현대,84.85,13500.0
부산광역시 동래구 온천동,두비앙에코힐아파트,59.6946,21951.0
부산광역시 동래구 온천동,두비앙에코힐아파트,71.5626,24513.0
부산광역시 동래구 온천동,두비앙에코힐아파트,59.6946,20176.0
부산광역시 동래구 온천동,두비앙에코힐아파트,71.5626,24513.0
부산광역시 동래구 온천동,반도보라스카이뷰,84.8813,35700.0
부산광역시 동래구 온천동,반도보라스카이뷰,84.8813,33200.0
부산광역시 동래구 온천동,부원,62.28,19000.0
부산광역시 동래구 온천동,삼익,60.69,23600.0
부산광역시 동래구 온천동,삼익,82.61,30300.0
부산광역시 동래구 온천동,우석쉐르빌,67.54,25000.0
부산광역시 동래구 온천동,케이에이치마이우스,46.22,16000.0
부산광역시 동래구 온천동,포르투나,71.2189,34800.0
부산광역시 동래구 온천동,허브센티움Ⅱ,49.76,17500.0
부산광역시 동래구 온천동,허브센티움Ⅲ,52.25,18000.0
부산광역시 동래구 온천동,협성스카이라인80,27.74,8000.0
부산광역시 부산진구 가야동,가야동원로얄듀크,77.3048,35000.0
부산광역시 부산진구 가야동,가야동원로얄듀크,57.0559,27100.0
부산광역시 부산진구 가야동,가야동원로얄듀크,57.0559,28500.0
부산광역시 부산진구 가야동,가야삼정그린코아,84.9,24650.0
부산광역시 부산진구 가야동,가야삼정그린코아,59.9,17500.0
부산광역시 부산진구 가야동,고원,41.67,5700.0
부산광역시 부산진구 가야동,국민,47.24,8230.0
부산광역시 부산진구 가야동,반도보라빌,84.8598,37500.0
부산광역시 부산진구 가야동,벽산1,77.04,19200.0
부산광역시 부산진구 가야동,벽산1,84.99,22000.0
부산광역시 부산진구 가야동,벽산2,84.99,21900.0
부산광역시 부산진구 가야동,벽산2,84.99,22000.0
부산광역시 부산진구 가야동,시영,39.67,6300.0
부산광역시 부산진구 가야동,일산,56.97,10000.0
부산광역시 부산진구 가야동,일산,62.64,9850.0
부산광역시 부산진구 가야동,한신센타뷰,73.57,23000.0
부산광역시 부산진구 가야동,해운,55.8,10150.0
부산광역시 부산진구 가야동,화신,59.8,22500.0
부산광역시 부산진구 가야동,화신,59.8,21900.0
부산광역시 부산진구 개금동,개금 롯데캐슬,84.9542,37500.0
부산광역시 부산진구 개금동,개금 롯데캐슬,84.9056,38500.0
부산광역시 부산진구 개금동,개금역 대상웰리움,84.9965,34000.0
부산광역시 부산진구 개금동,개금우드빌,44.87,10000.0
부산광역시 부산진구 개금동,개금우드빌,44.87,11000.0
부산광역시 부산진구 개금동,개금주공2,58.01,18100.0
부산광역시 부산진구 개금동,개금주공2,49.94,16000.0
부산광역시 부산진구 개금동,개금주공2,41.3,13500.0
부산광역시 부산진구 개금동,개금주공2,41.3,12000.0
부산광역시 부산진구 개금동,개금주공2,41.3,11500.0
부산광역시 부산진구 개금동,개금주공2,58.01,18300.0
부산광역시 부산진구 개금동,개금주공2,41.3,12000.0
부산광역시 부산진구 개금동,개금주공2,61.52,17400.0
부산광역시 부산진구 개금동,개금주공2,32.39,9000.0
부산광역시 부산진구 개금동,개금주공2,49.94,15500.0
부산광역시 부산진구 개금동,개금주공2,58.01,18100.0
부산광역시 부산진구 개금동,대동,59.8,13400.0
부산광역시 부산진구 개금동,반도보라맨션,84.975,17400.0
부산광역시 부산진구 개금동,반도보라맨션,84.975,17600.0
부산광역시 부산진구 개금동,시영(628-1),39.67,7200.0
부산광역시 부산진구 개금동,시영(628-1),39.67,7200.0
부산광역시 부산진구 개금동,시영(628-1),39.67,7000.0
부산광역시 부산진구 개금동,엘지신개금(2-1),84.99,28900.0
부산광역시 부산진구 개금동,엘지신개금(2-1),59.99,22500.0
부산광역시 부산진구 개금동,엘지신개금(2-1),84.99,31000.0
부산광역시 부산진구 개금동,엘지신개금(2-1),59.99,20000.0
부산광역시 부산진구 개금동,엘지신개금(2-1),59.99,20900.0
부산광역시 부산진구 개금동,엘지신개금(2-1),60.0,23000.0
부산광역시 부산진구 개금동,엘지신개금(2-1),84.99,29900.0
부산광역시 부산진구 개금동,엘지신개금(2-1),60.0,23000.0
부산광역시 부산진구 개금동,엘지신개금(2-1),84.99,27000.0
부산광역시 부산진구 개금동,엘지신개금(2-1),59.99,24000.0
부산광역시 부산진구 개금동,엘지신개금(2-2),84.99,32000.0
부산광역시 부산진구 개금동,엘지신개금(2-2),84.99,28800.0
부산광역시 부산진구 개금동,엘지신개금(2-2),59.99,21300.0
부산광역시 부산진구 개금동,엘지신개금(2-2),59.99,23800.0
부산광역시 부산진구 개금동,엘지신개금(2-2),60.0,23800.0
부산광역시 부산진구 개금동,유창아이리치,38.6054,12335.0
부산광역시 부산진구 개금동,현대,71.175,17100.0
부산광역시 부산진구 개금동,현대아이,59.76,20450.0
부산광역시 부산진구 개금동,현대아이,74.59,26000.0
부산광역시 부산진구 당감동,개금주공3단지,41.3,12000.0
부산광역시 부산진구 당감동,개금주공3단지,58.01,20000.0
부산광역시 부산진구 당감동,개금주공3단지,32.39,10000.0
부산광역시 부산진구 당감동,개금주공3단지,49.94,14100.0
부산광역시 부산진구 당감동,개금주공3단지,41.3,11900.0
부산광역시 부산진구 당감동,개금주공3단지,41.3,12000.0
부산광역시 부산진구 당감동,개금주공3단지,66.56,19700.0
부산광역시 부산진구 당감동,개금주공3단지,41.3,12300.0
부산광역시 부산진구 당감동,개금주공3단지,41.3,12900.0
부산광역시 부산진구 당감동,개금주공3단지,41.3,12500.0
부산광역시 부산진구 당감동,국제프라자,72.63,12000.0
부산광역시 부산진구 당감동,"당감주공1차,백양뜨란채",59.89,14000.0
부산광역시 부산진구 당감동,"당감주공1차,백양뜨란채",59.55,15800.0
부산광역시 부산진구 당감동,동일스위트,84.9772,27000.0
부산광역시 부산진구 당감동,백양푸른채,59.91,15900.0
부산광역시 부산진구 당감동,삼익아파트,64.44,26000.0
부산광역시 부산진구 당감동,삼익아파트,44.76,17950.0
부산광역시 부산진구 당감동,서면봄여름가을겨울,84.94,30800.0
부산광역시 부산진구 당감동,서면시즈빌,29.8833,7100.0
부산광역시 부산진구 당감동,태우선파크,59.66,16400.0
부산광역시 부산진구 당감동,태우선파크,59.66,13700.0
부산광역시 부산진구 당감동,태화현대1,59.72,21500.0
부산광역시 부산진구 당감동,태화현대1,84.94,20000.0
부산광역시 부산진구 당감동,태화현대1,59.72,22850.0
부산광역시 부산진구 당감동,태화현대2,84.94,26450.0
부산광역시 부산진구 당감동,태화현대2,59.72,22000.0
부산광역시 부산진구 당감동,홍림로얄뷰,49.94,16500.0
부산광역시 부산진구 범전동,동원,49.82,38000.0
부산광역시 부산진구 범전동,동원,62.15,39800.0
부산광역시 부산진구 범전동,동원,62.15,38800.0
부산광역시 부산진구 범전동,동원,63.08,40000.0
부산광역시 부산진구 범전동,동원,62.15,39000.0
부산광역시 부산진구 범전동,동원,62.15,38200.0
부산광역시 부산진구 범전동,동원,53.42,38700.0
부산광역시 부산진구 범전동,서면,34.08,26000.0
부산광역시 부산진구 범천동,TK 골드뷰,82.75,25800.0
부산광역시 부산진구 범천동,경남,84.9375,23900.0
부산광역시 부산진구 범천동,경남,84.9375,24000.0
부산광역시 부산진구 범천동,경남,59.9425,18400.0
부산광역시 부산진구 범천동,경남,59.9425,19000.0
부산광역시 부산진구 범천동,대승메종더어반,47.246,19545.0
부산광역시 부산진구 범천동,대승메종더어반,47.246,19545.0
부산광역시 부산진구 범천동,대우디오빌1,24.2475,7600.0
부산광역시 부산진구 범천동,대원아파트,68.95,28400.0
부산광역시 부산진구 범천동,모닝하우스,43.218,15000.0
부산광역시 부산진구 범천동,범내골역 이즈팰리스,44.684,20500.0
부산광역시 부산진구 범천동,범내골역 이즈팰리스,37.1026,17300.0
부산광역시 부산진구 범천동,범내골역 한라비발디 STUDIO 422,23.8499,8000.0
부산광역시 부산진구 범천동,범내골역 한라비발디 STUDIO 422,23.8499,8000.0
부산광역시 부산진구 범천동,범천동이즈팰리스,45.22,15460.0
부산광역시 부산진구 범천동,범천동프렌빌,25.8575,6000.0
부산광역시 부산진구 범천동,범천동프렌빌,24.8175,5950.0
부산광역시 부산진구 범천동,새롬하이빌2차,84.9,19800.0
부산광역시 부산진구 범천동,서면 DS·협성 엘리시안 아파트,62.7679,27800.0
부산광역시 부산진구 범천동,서면 DS·협성 엘리시안 아파트,59.7961,25500.0
부산광역시 부산진구 범천동,서면 DS·협성 엘리시안 아파트,59.7961,25400.0
부산광역시 부산진구 범천동,서면 DS·협성 엘리시안 아파트,59.7961,24700.0
부산광역시 부산진구 범천동,서면 DS·협성 엘리시안 아파트,59.7961,25350.0
부산광역시 부산진구 범천동,서면 DS·협성 엘리시안 아파트,59.8084,24950.0
부산광역시 부산진구 범천동,서면 DS·협성 엘리시안 아파트,62.7679,29500.0
부산광역시 부산진구 범천동,서면 DS·협성 엘리시안 아파트,59.8084,25600.0
부산광역시 부산진구 범천동,서면 DS·협성 엘리시안 아파트,62.7679,27650.0
부산광역시 부산진구 범천동,서면 DS·협성 엘리시안 아파트,59.8084,27400.0
부산광역시 부산진구 범천동,서면 DS·협성 엘리시안 아파트,59.7961,25400.0
부산광역시 부산진구 범천동,서면동일스위트,59.9981,23000.0
부산광역시 부산진구 범천동,서면동일스위트,59.9981,24500.0
부산광역시 부산진구 범천동,서면동일스위트,59.4329,24000.0
부산광역시 부산진구 범천동,서면베르빌2,23.88,6100.0
부산광역시 부산진구 범천동,서면베르빌2,23.88,5950.0
부산광역시 부산진구 범천동,서면베르빌2,39.06,10000.0
부산광역시 부산진구 범천동,서면이-편한세상,84.981,37000.0
부산광역시 부산진구 범천동,세운이노빌,26.4075,6200.0
부산광역시 부산진구 범천동,우일아내트,51.921,22000.0
부산광역시 부산진구 범천동,우일아내트,49.9544,21000.0
부산광역시 부산진구 범천동,탑패밀리,46.78,14700.0
부산광역시 부산진구 범천동,평광 우리가,44.14,14300.0
부산광역시 부산진구 범천동,평광 우리가,40.47,12500.0
부산광역시 부산진구 범천동,허브팰리스,62.6026,26700.0
부산광역시 부산진구 부암동,당감뜨란채,59.98,21000.0
부산광역시 부산진구 부암동,당감뜨란채,59.98,18000.0
부산광역시 부산진구 부암동,메리움,84.91,26800.0
부산광역시 부산진구 부암동,백양산삼정그린코아,59.8562,19100.0
부산광역시 부산진구 부암동,서면 동일파크스위트 2차,59.8508,29450.0
부산광역시 부산진구 부암동,서면 동일파크스위트 2차,69.3315,36200.0
부산광역시 부산진구 부암동,서면 동일파크스위트 2차,59.8508,29600.0
부산광역시 부산진구 부암동,서면 동일파크스위트 3차,84.9789,38000.0
부산광역시 부산진구 부암동,서면 동일파크스위트 3차,79.9368,37800.0
부산광역시 부산진구 부암동,서면 동일파크스위트 3차,67.882,31900.0
부산광역시 부산진구 부암동,서면동일파크스위트1차,84.9955,34800.0
부산광역시 부산진구 부암동,서면동일파크스위트1차,67.9532,30200.0
부산광역시 부산진구 부암동,서면동일파크스위트1차,84.9955,35350.0
부산광역시 부산진구 부암동,서면동일파크스위트1차,67.9532,29800.0
부산광역시 부산진구 부암동,신우,67.9,8740.0
부산광역시 부산진구 부암동,일성인포,59.82,18500.0
부산광역시 부산진구 부암동,일성인포,76.2,21000.0
부산광역시 부산진구 부암동,타워베르빌,84.814,28500.0
부산광역시 부산진구 부암동,협성피닉스타운,84.78,17500.0
부산광역시 부산진구 부암동,협성피닉스타운,84.78,19200.0
부산광역시 부산진구 부암동,화승,84.76,30000.0
부산광역시 부산진구 부전동,네오스포,59.901,16600.0
부산광역시 부산진구 부전동,동진,56.92,7000.0
부산광역시 부산진구 부전동,해오름2차,69.48,19900.0
부산광역시 부산진구 양정동,대원칸타빌멤버스,84.8163,33800.0
부산광역시 부산진구 양정동,대원칸타빌멤버스,84.8502,37000.0
부산광역시 부산진구 양정동,대원칸타빌멤버스,84.8502,31000.0
부산광역시 부산진구 양정동,동국에버리치,49.64,17500.0
부산광역시 부산진구 양정동,롯데갤러리움,67.83,26000.0
부산광역시 부산진구 양정동,수정캐슬,34.15,8500.0
부산광역시 부산진구 양정동,양정역 퀸즈팰리스,59.99,25500.0
부산광역시 부산진구 양정동,한진스카이뷰,49.77,20750.0
부산광역시 부산진구 양정동,현대1차,84.99,28500.0
부산광역시 부산진구 양정동,현대1차,84.99,26200.0
부산광역시 부산진구 양정동,현대1차,59.95,22850.0
부산광역시 부산진구 양정동,현대1차,59.95,20000.0
부산광역시 부산진구 양정동,현대1차,84.99,28300.0
부산광역시 부산진구 양정동,현대1차,84.99,27800.0
부산광역시 부산진구 양정동,현대1차,59.95,22750.0
부산광역시 부산진구 양정동,현대1차,59.95,24500.0
부산광역시 부산진구 양정동,현대1차,59.95,22200.0
부산광역시 부산진구 양정동,현대2차,84.99,29600.0
부산광역시 부산진구 양정동,현대2차,84.99,28600.0
부산광역시 부산진구 양정동,현대2차,84.99,29000.0
부산광역시 부산진구 양정동,현대2차,59.95,24300.0
부산광역시 부산진구 연지동,로얄,77.61,25000.0
부산광역시 부산진구 연지동,연지2청구,59.895,19500.0
부산광역시 부산진구 연지동,연지자이,84.9842,34000.0
부산광역시 부산진구 연지동,화인,84.88,25200.0
부산광역시 부산진구 연지동,화인,39.34,13500.0
부산광역시 부산진구 전포동,경원프라우드-2,27.43,7000.0
부산광역시 부산진구 전포동,경원프라우드-2,27.43,7000.0
부산광역시 부산진구 전포동,경원프라우드-2,27.43,7000.0
부산광역시 부산진구 전포동,경원프라우드-2,26.72,6750.0
부산광역시 부산진구 전포동,더샵골드6,33.98,14500.0
부산광역시 부산진구 전포동,더샵골드6,51.77,21800.0
부산광역시 부산진구 전포동,더샵골드6,45.1,18650.0
부산광역시 부산진구 전포동,동양팰리스,44.65,20000.0
부산광역시 부산진구 전포동,몽뜨레,23.75,9600.0
부산광역시 부산진구 전포동,보해이브빌,84.49,28000.0
부산광역시 부산진구 전포동,삼정코아,23.76,5500.0
부산광역시 부산진구 전포동,삼정코아,23.76,6100.0
부산광역시 부산진구 전포동,서면,57.59,10700.0
부산광역시 부산진구 전포동,서면노르웨이아침,30.49,7650.0
부산광역시 부산진구 전포동,서면노르웨이아침,30.49,6700.0
부산광역시 부산진구 전포동,서면대우디오빌2,28.58,9050.0
부산광역시 부산진구 전포동,서면대우디오빌2,32.6,10500.0
부산광역시 부산진구 전포동,서면롯데캐슬스카이,59.9438,32000.0
부산광역시 부산진구 전포동,서면롯데캐슬스카이,59.9438,32000.0
부산광역시 부산진구 전포동,서면롯데캐슬스카이,33.7495,15000.0
부산광역시 부산진구 전포동,서면쌍용플래티넘,28.2,8550.0
부산광역시 부산진구 전포동,서면한신,59.84,25400.0
부산광역시 부산진구 전포동,서면한신,59.72,27600.0
부산광역시 부산진구 전포동,스윗팰리스,46.4,22190.0
부산광역시 부산진구 전포동,예일프라자,77.76,16500.0
부산광역시 부산진구 전포동,우영,63.63,8600.0
부산광역시 부산진구 전포동,전포동 에메랄드홈,83.47,29500.0
부산광역시 부산진구 전포동,화신,83.99,18750.0
부산광역시 부산진구 초읍동,초읍대우,84.962,21800.0
부산광역시 부산진구 초읍동,팰리스타워,71.1125,25500.0
부산광역시 북구 구포동,경원골든,84.96,9800.0
부산광역시 북구 구포동,구포 봄여름가을겨울아파트,64.965,20700.0
부산광역시 북구 구포동,구포 봄여름가을겨울아파트,52.095,18500.0
부산광역시 북구 구포동,구포 봄여름가을겨울아파트,64.965,20700.0
부산광역시 북구 구포동,구포 봄여름가을겨울아파트,64.965,20600.0
부산광역시 북구 구포동,구포 봄여름가을겨울아파트,64.965,20600.0
부산광역시 북구 구포동,구포 봄여름가을겨울아파트,64.965,20900.0
부산광역시 북구 구포동,구포 봄여름가을겨울아파트,64.965,21000.0
부산광역시 북구 구포동,구포 봄여름가을겨울아파트,52.095,18100.0
부산광역시 북구 구포동,구포 봄여름가을겨울아파트,52.095,17950.0
부산광역시 북구 구포동,구포 봄여름가을겨울아파트,64.965,21000.0
부산광역시 북구 구포동,구포 봄여름가을겨울아파트,52.095,17950.0
부산광역시 북구 구포동,구포 봄여름가을겨울아파트,52.095,18100.0
부산광역시 북구 구포동,구포 윤창비에이치타운,60.59,23979.0
부산광역시 북구 구포동,구포 윤창비에이치타운,60.59,23500.0
부산광역시 북구 구포동,구포 윤창비에이치타운,60.59,22000.0
부산광역시 북구 구포동,구포대우,74.22,12000.0
부산광역시 북구 구포동,구포대진,51.7,9800.0
부산광역시 북구 구포동,구포동성가든타워,59.4,9550.0
부산광역시 북구 구포동,구포현대,84.91,17500.0
부산광역시 북구 구포동,구포현대,59.26,14900.0
부산광역시 북구 구포동,구포현대,84.91,20000.0
부산광역시 북구 구포동,구포현대,84.91,19400.0
부산광역시 북구 구포동,구포현대,78.18,17700.0
부산광역시 북구 구포동,구포현대,84.91,19000.0
부산광역시 북구 구포동,구포현대,84.73,20000.0
부산광역시 북구 구포동,구포현대,72.87,19000.0
부산광역시 북구 구포동,대성맨션,47.46,8500.0
부산광역시 북구 구포동,백양,82.74,7000.0
부산광역시 북구 구포동,백조그린타운,81.37,11500.0
부산광역시 북구 구포동,벽산그린타운,59.74,9000.0
부산광역시 북구 구포동,삼정그린코아,59.73,19000.0
부산광역시 북구 구포동,삼정그린코아,59.73,20000.0
부산광역시 북구 구포동,삼정그린코아,59.76,22000.0
부산광역시 북구 구포동,삼정그린코아,59.73,20300.0
부산광역시 북구 구포동,유림노르웨이숲,59.8889,15450.0
부산광역시 북구 구포동,유림노르웨이숲,59.8889,13500.0
부산광역시 북구 구포동,유림노르웨이숲,84.9149,25500.0
부산광역시 북구 구포동,유림노르웨이숲,59.8889,15600.0
부산광역시 북구 구포동,유림노르웨이숲,59.8889,13500.0
부산광역시 북구 구포동,지움포유,49.46,14800.0
부산광역시 북구 구포동,태평양,74.3,11000.0
부산광역시 북구 금곡동,금곡3단지주공,41.85,7600.0
부산광역시 북구 금곡동,금곡3단지주공,41.85,7800.0
부산광역시 북구 금곡동,금곡3단지주공,41.85,6800.0
부산광역시 북구 금곡동,금곡3단지주공,49.77,9700.0
부산광역시 북구 금곡동,금곡3단지주공,41.85,6800.0
부산광역시 북구 금곡동,금곡3단지주공,41.85,7000.0
부산광역시 북구 금곡동,금곡3단지주공,59.97,11500.0
부산광역시 북구 금곡동,금곡3단지주공,49.77,9000.0
부산광역시 북구 금곡동,금곡5단지주공,42.75,9000.0
부산광역시 북구 금곡동,금곡6단지주공,48.89,9800.0
부산광역시 북구 금곡동,금곡8단지주공,42.29,7000.0
부산광역시 북구 금곡동,금곡9단지주공,39.41,7000.0
부산광역시 북구 금곡동,금곡화목타운,68.12,14100.0
부산광역시 북구 금곡동,금곡화목타운,68.12,15000.0
부산광역시 북구 금곡동,대우이안,84.7032,24700.0
부산광역시 북구 금곡동,동원역삼정그린코아,84.9721,31250.0
부산광역시 북구 금곡동,동원역삼정그린코아,84.9516,30000.0
부산광역시 북구 금곡동,동원역삼정그린코아,71.0496,26050.0
부산광역시 북구 금곡동,신화명리버뷰자이아파트,59.895,28900.0
부산광역시 북구 금곡동,신화명리버뷰자이아파트,59.895,29000.0
부산광역시 북구 금곡동,신화명리버뷰자이아파트,84.965,34000.0
부산광역시 북구 금곡동,신화명리버뷰자이아파트,59.895,27300.0
부산광역시 북구 금곡동,신화명리버뷰자이아파트,84.965,33000.0
부산광역시 북구 금곡동,신화명리버뷰자이아파트,84.976,35000.0
부산광역시 북구 금곡동,신화명리버뷰자이아파트,59.895,28850.0
부산광역시 북구 금곡동,율리역 벽산블루밍 1단지,84.991,34000.0
부산광역시 북구 금곡동,협진태양·조성아파트,67.97,13500.0
부산광역시 북구 금곡동,화명뜨란채,59.77,21000.0
부산광역시 북구 금곡동,화명뜨란채,59.77,23000.0
부산광역시 북구 금곡동,화명뜨란채,59.77,22000.0
부산광역시 북구 금곡동,화명뜨란채,59.77,21000.0
부산광역시 북구 금곡동,화명뜨란채,76.72,27500.0
부산광역시 북구 금곡동,화명리버빌2차,82.63,26500.0
부산광역시 북구 금곡동,화명한일유앤아이,83.5,27000.0
부산광역시 북구 금곡동,화명한일유앤아이,59.79,23500.0
부산광역시 북구 금곡동,화명한일유앤아이,83.5,27800.0
부산광역시 북구 금곡동,화명한일유앤아이,59.79,23600.0
부산광역시 북구 덕천동,경인,61.92,11900.0
부산광역시 북구 덕천동,기비골마을,55.77,13200.0
부산광역시 북구 덕천동,기비골마을,44.87,9900.0
부산광역시 북구 덕천동,대방,59.67,16800.0
부산광역시 북구 덕천동,덕천삼정그린코아,84.3659,30500.0
부산광역시 북구 덕천동,덕천삼정그린코아,84.3659,31700.0
부산광역시 북구 덕천동,덕천시영,40.07,18800.0
부산광역시 북구 덕천동,덕천시영,40.07,18000.0
부산광역시 북구 덕천동,덕천시영,40.66,18300.0
부산광역시 북구 덕천동,덕천시영,40.66,15200.0
부산광역시 북구 덕천동,덕천시영,40.66,16000.0
부산광역시 북구 덕천동,덕천시영,40.66,15150.0
부산광역시 북구 덕천동,덕천시영,40.66,16000.0
부산광역시 북구 덕천동,덕천시영,40.66,15200.0
부산광역시 북구 덕천동,덕천주공1,49.94,8800.0
부산광역시 북구 덕천동,덕천주공1,44.94,10500.0
부산광역시 북구 덕천동,덕천주공1,38.64,7700.0
부산광역시 북구 덕천동,미진파크맨션,64.74,7800.0
부산광역시 북구 덕천동,부영,64.49,13300.0
부산광역시 북구 덕천동,삼진,55.01,16300.0
부산광역시 북구 덕천동,삼화,44.979,9450.0
부산광역시 북구 덕천동,은호,78.58,14000.0
부산광역시 북구 덕천동,일동파크맨션,57.15,11000.0
부산광역시 북구 덕천동,진흥,72.5,10900.0
부산광역시 북구 덕천동,한성,41.56,8000.0
부산광역시 북구 덕천동,한성,41.56,7850.0
부산광역시 북구 덕천동,한효,68.3,25300.0
부산광역시 북구 만덕동,그린코아,84.69,14000.0
부산광역시 북구 만덕동,그린코아,84.69,16500.0
부산광역시 북구 만덕동,대성타워,84.92,21000.0
부산광역시 북구 만덕동,대성타워,84.78,17000.0
부산광역시 북구 만덕동,대성타워,84.78,21000.0
부산광역시 북구 만덕동,덕화,59.31,10000.0
부산광역시 북구 만덕동,동원,59.84,12000.0
부산광역시 북구 만덕동,동원,59.84,12000.0
부산광역시 북구 만덕동,동원,84.96,19000.0
부산광역시 북구 만덕동,동원,59.84,13000.0
부산광역시 북구 만덕동,동원맨션,56.85,11000.0
부산광역시 북구 만덕동,동원맨션,56.85,13100.0
부산광역시 북구 만덕동,동원맨션,56.85,14300.0
부산광역시 북구 만덕동,동일,59.895,15300.0
부산광역시 북구 만덕동,럭키,79.195,13850.0
부산광역시 북구 만덕동,럭키,84.28,13550.0
부산광역시 북구 만덕동,럭키2,84.94,16800.0
부산광역시 북구 만덕동,만덕2주공,84.34,23400.0
부산광역시 북구 만덕동,만덕2주공,84.34,22800.0
부산광역시 북구 만덕동,만덕2주공,84.34,20000.0
부산광역시 북구 만덕동,만덕2주공,59.02,16500.0
부산광역시 북구 만덕동,만덕3휴먼시아,74.83,26950.0
부산광역시 북구 만덕동,만덕대진,47.14,9500.0
부산광역시 북구 만덕동,만덕베르빌,84.96,23000.0
부산광역시 북구 만덕동,만덕베르빌,59.8,15400.0
부산광역시 북구 만덕동,만덕베르빌,59.8,17250.0
부산광역시 북구 만덕동,만덕베르빌,59.8,16500.0
부산광역시 북구 만덕동,백양산동문굿모닝힐,84.9944,30000.0
부산광역시 북구 만덕동,백양산동문굿모닝힐,59.1416,25000.0
부산광역시 북구 만덕동,백양산동문굿모닝힐,84.9944,29350.0
부산광역시 북구 만덕동,백양산동문굿모닝힐,84.9913,30850.0
부산광역시 북구 만덕동,백양산동문굿모닝힐,84.9913,33000.0
부산광역시 북구 만덕동,백양산동문굿모닝힐,84.9913,33000.0
부산광역시 북구 만덕동,백양산동문굿모닝힐,84.9944,29700.0
부산광역시 북구 만덕동,백양산동문굿모닝힐,70.1847,23500.0
부산광역시 북구 만덕동,벽산라인타운,74.6,21000.0
부산광역시 북구 만덕동,벽산라인타운,74.6,17700.0
부산광역시 북구 만덕동,벽산라인훼미리,59.91,14600.0
부산광역시 북구 만덕동,벽산라인훼미리,84.99,19900.0
부산광역시 북구 만덕동,부산만덕6휴먼시아,84.88,28400.0
부산광역시 북구 만덕동,삼성,57.78,16000.0
부산광역시 북구 만덕동,상록한신휴플러스,59.918,17700.0
부산광역시 북구 만덕동,상록한신휴플러스,84.992,26000.0
부산광역시 북구 만덕동,상록한신휴플러스,59.941,17100.0
부산광역시 북구 만덕동,상록한신휴플러스,59.918,17400.0
부산광역시 북구 만덕동,상록한신휴플러스,59.918,17000.0
부산광역시 북구 만덕동,쌍용스윗닷홈,84.9876,27800.0
부산광역시 북구 만덕동,쌍용스윗닷홈,59.8869,20000.0
부산광역시 북구 만덕동,유림노르웨이숲,85.0,19500.0
부산광역시 북구 만덕동,협성파크,53.92,14000.0
부산광역시 북구 만덕동,협성파크,72.0,16000.0
부산광역시 북구 만덕동,협성파크,72.0,16000.0
부산광역시 북구 화명동,경남아너스빌,84.91,28600.0
부산광역시 북구 화명동,그린숲속아파트,59.82,12200.0
부산광역시 북구 화명동,그린숲속아파트,59.82,11600.0
부산광역시 북구 화명동,그린숲속아파트,59.82,12450.0
부산광역시 북구 화명동,그린숲속아파트,59.82,12000.0
부산광역시 북구 화명동,대림쌍용강변타운,59.89,28700.0
부산광역시 북구 화명동,대림쌍용강변타운,84.97,36800.0
부산광역시 북구 화명동,대림쌍용강변타운,59.89,31800.0
부산광역시 북구 화명동,대림쌍용강변타운,59.89,28100.0
부산광역시 북구 화명동,대림쌍용강변타운,84.97,36200.0
부산광역시 북구 화명동,대림쌍용강변타운,59.89,30700.0
부산광역시 북구 화명동,대림쌍용강변타운,59.89,28200.0
부산광역시 북구 화명동,대림쌍용강변타운,59.89,27200.0
부산광역시 북구 화명동,대림쌍용강변타운,84.97,36000.0
부산광역시 북구 화명동,대림쌍용강변타운,84.97,36570.0
부산광역시 북구 화명동,대림타운1,84.99,22000.0
부산광역시 북구 화명동,대림타운2,59.8,21000.0
부산광역시 북구 화명동,대림타운2,59.8,21500.0
부산광역시 북구 화명동,대림타운2,59.8,16000.0
부산광역시 북구 화명동,대림타운2,59.8,17800.0
부산광역시 북구 화명동,대림타운3,59.8,17000.0
부산광역시 북구 화명동,대림타운3,59.8,16900.0
부산광역시 북구 화명동,대림타운3,84.99,21700.0
부산광역시 북구 화명동,대림타운4,84.98,24500.0
부산광역시 북구 화명동,대우이안,59.9011,27100.0
부산광역시 북구 화명동,대우이안,84.9848,32000.0
부산광역시 북구 화명동,대우이안,59.9011,27200.0
부산광역시 북구 화명동,도시화명그린(206),49.83,11000.0
부산광역시 북구 화명동,도시화명그린(206),49.83,10700.0
부산광역시 북구 화명동,도시화명그린(295),49.42,11000.0
부산광역시 북구 화명동,도시화명그린(295),49.42,9900.0
부산광역시 북구 화명동,도시화명그린(313),59.82,12500.0
부산광역시 북구 화명동,도시화명그린(313),59.82,12700.0
부산광역시 북구 화명동,동원로얄듀크,84.9949,28000.0
부산광역시 북구 화명동,동원로얄듀크,59.9905,22200.0
부산광역시 북구 화명동,동원로얄듀크,59.9905,23900.0
부산광역시 북구 화명동,동원로얄듀크,84.9949,31500.0
부산광역시 북구 화명동,동원로얄듀크,84.9949,29500.0
부산광역시 북구 화명동,동원로얄듀크,59.9905,21900.0
부산광역시 북구 화명동,동원로얄듀크,84.9949,27800.0
부산광역시 북구 화명동,레지던스라움,25.945,11600.0
부산광역시 북구 화명동,롯데낙천대,84.769,36500.0
부산광역시 북구 화명동,롯데낙천대,84.769,37500.0
부산광역시 북구 화명동,롯데낙천대,59.445,27000.0
부산광역시 북구 화명동,롯데낙천대,84.769,35100.0
부산광역시 북구 화명동,롯데낙천대,84.769,35750.0
부산광역시 북구 화명동,롯데낙천대,84.769,34400.0
부산광역시 북구 화명동,롯데낙천대,84.769,37900.0
부산광역시 북구 화명동,벽산강변타운,84.89,19700.0
부산광역시 북구 화명동,벽산강변타운,74.48,17000.0
부산광역시 북구 화명동,삼한힐파크,84.994,23000.0
부산광역시 북구 화명동,삼한힐파크,84.994,22000.0
부산광역시 북구 화명동,삼한힐파크,84.994,22000.0
부산광역시 북구 화명동,삼한힐파크,84.994,24000.0
부산광역시 북구 화명동,수정강변타운,59.4,24350.0
부산광역시 북구 화명동,수정강변타운,59.4,24250.0
부산광역시 북구 화명동,수정강변타운,59.4,23900.0
부산광역시 북구 화명동,수정강변타운,59.4,23500.0
부산광역시 북구 화명동,수정강변타운,59.4,22400.0
부산광역시 북구 화명동,엘가,29.14,12500.0
부산광역시 북구 화명동,우신,54.44,18300.0
부산광역시 북구 화명동,우신,57.26,18800.0
부산광역시 북구 화명동,코오롱,84.99,20500.0
부산광역시 북구 화명동,코오롱하늘채1차,84.975,36000.0
부산광역시 북구 화명동,코오롱하늘채1차,84.975,31300.0
부산광역시 북구 화명동,코오롱하늘채1차,69.337,29400.0
부산광역시 북구 화명동,코오롱하늘채2차,59.808,32300.0
부산광역시 북구 화명동,코오롱하늘채2차,59.808,29000.0
부산광역시 북구 화명동,코오롱하늘채2차,59.808,29000.0
부산광역시 북구 화명동,코오롱하늘채2차,84.935,37000.0
부산광역시 북구 화명동,화명2차현대,84.9943,29400.0
부산광역시 북구 화명동,화명그린힐,55.38,15400.0
부산광역시 북구 화명동,화명유림,59.921,17500.0
부산광역시 북구 화명동,화명유림,59.921,17300.0
부산광역시 북구 화명동,화명장원맨션,66.1,10500.0
부산광역시 사상구 괘법동,괘법한신2,59.84,23000.0
부산광역시 사상구 괘법동,괘법한신2,84.96,31000.0
부산광역시 사상구 괘법동,굿모닝뷰,56.4575,24500.0
부산광역시 사상구 괘법동,굿모닝뷰,69.105,29800.0
부산광역시 사상구 괘법동,사상샬레,45.8375,14100.0
부산광역시 사상구 괘법동,사상샬레,42.525,14900.0
부산광역시 사상구 괘법동,사상센텀아파트,57.44,21500.0
부산광역시 사상구 괘법동,사상역이즈팰리스,41.5703,15000.0
부산광역시 사상구 괘법동,파밀리아 괘법3차,49.6925,16700.0
부산광역시 사상구 괘법동,협성베스트빌,72.21,21000.0
부산광역시 사상구 덕포동,남영,37.62,7600.0
부산광역시 사상구 덕포동,남영,48.39,9800.0
부산광역시 사상구 덕포동,덕포경동메르빌,73.5126,25250.0
부산광역시 사상구 덕포동,덕포경동메르빌,68.5301,24200.0
부산광역시 사상구 덕포동,덕포경동메르빌,73.8932,24900.0
부산광역시 사상구 덕포동,덕포경동메르빌,68.5301,24100.0
부산광역시 사상구 덕포동,덕포동벽산블루밍,84.9595,27800.0
부산광역시 사상구 덕포동,부원파크타운,68.51,10000.0
부산광역시 사상구 덕포동,유원,53.84,13000.0
부산광역시 사상구 덕포동,자유,39.72,7700.0
부산광역시 사상구 덕포동,자유,39.72,9000.0
부산광역시 사상구 모라동,모라동비버힐아파트,57.65,22300.0
부산광역시 사상구 모라동,모라동원타운,67.45,17450.0
부산광역시 사상구 모라동,모라동원타운,76.87,19000.0
부산광역시 사상구 모라동,모라동원타운,59.7,15200.0
부산광역시 사상구 모라동,모라동원타운,84.97,18400.0
부산광역시 사상구 모라동,모라리버빌,76.47,20600.0
부산광역시 사상구 모라동,모라벽산,84.9,19500.0
부산광역시 사상구 모라동,모라벽산,59.88,15300.0
부산광역시 사상구 모라동,백양그린,49.94,12300.0
부산광역시 사상구 모라동,백양그린,49.94,11470.0
부산광역시 사상구 모라동,우성,72.42,17200.0
부산광역시 사상구 모라동,우성,84.54,23000.0
부산광역시 사상구 모라동,우성,72.42,17000.0
부산광역시 사상구 모라동,우성,72.42,18500.0
부산광역시 사상구 모라동,우성2차,59.83,13000.0
부산광역시 사상구 모라동,우신모라,59.99,12900.0
부산광역시 사상구 모라동,우신모라,78.84,14200.0
부산광역시 사상구 모라동,우신모라,47.37,10000.0
부산광역시 사상구 모라동,주공4,41.3,7850.0
부산광역시 사상구 엄궁동,롯데캐슬,84.9677,31500.0
부산광역시 사상구 엄궁동,롯데캐슬,84.9932,30000.0
부산광역시 사상구 엄궁동,롯데캐슬,84.9677,30000.0
부산광역시 사상구 엄궁동,롯데캐슬,84.9892,32750.0
부산광역시 사상구 엄궁동,롯데캐슬,59.9934,25100.0
부산광역시 사상구 엄궁동,신엄궁대동,84.95,18800.0
부산광역시 사상구 엄궁동,신흥동백맨션,80.13,12900.0
부산광역시 사상구 엄궁동,쌍용스윗닷홈,84.9639,26600.0
부산광역시 사상구 엄궁동,쌍용스윗닷홈,59.9349,18500.0
부산광역시 사상구 엄궁동,쌍용스윗닷홈,59.9349,21300.0
부산광역시 사상구 엄궁동,쌍용스윗닷홈,59.9349,18300.0
부산광역시 사상구 엄궁동,엄궁대림,84.87,20500.0
부산광역시 사상구 엄궁동,엄궁대림,59.85,17700.0
부산광역시 사상구 엄궁동,엄궁대림,59.85,14000.0
부산광역시 사상구 엄궁동,엄궁로얄화교아파트,46.02,6000.0
부산광역시 사상구 엄궁동,코오롱,59.94,16650.0
부산광역시 사상구 엄궁동,코오롱,59.9,16800.0
부산광역시 사상구 엄궁동,코오롱,59.94,14800.0
부산광역시 사상구 엄궁동,코오롱,59.94,16000.0
부산광역시 사상구 엄궁동,코오롱,84.85,22100.0
부산광역시 사상구 엄궁동,코오롱,84.85,24750.0
부산광역시 사상구 주례동,대성,49.16,10800.0
부산광역시 사상구 주례동,동일,48.53,8000.0
부산광역시 사상구 주례동,럭키주례,84.91,28000.0
부산광역시 사상구 주례동,럭키주례1,44.1,15700.0
부산광역시 사상구 주례동,럭키주례1,77.85,24500.0
부산광역시 사상구 주례동,럭키주례1,44.1,16950.0
부산광역시 사상구 주례동,반도보라매머드,59.88,13000.0
부산광역시 사상구 주례동,반도보라매머드,59.88,16000.0
부산광역시 사상구 주례동,반도보라매머드,59.76,15500.0
부산광역시 사상구 주례동,반도보라매머드,59.88,15450.0
부산광역시 사상구 주례동,반도보라매머드,59.88,15800.0
부산광역시 사상구 주례동,반도보라매머드,84.99,21600.0
부산광역시 사상구 주례동,반도보라매머드,84.99,19350.0
부산광역시 사상구 주례동,벽산신화,84.51,20200.0
부산광역시 사상구 주례동,엘지신주례1,59.97,14000.0
부산광역시 사상구 주례동,엘지신주례1,59.97,16000.0
부산광역시 사상구 주례동,엘지신주례1,59.97,17000.0
부산광역시 사상구 주례동,엘지신주례1,59.97,14800.0
부산광역시 사상구 주례동,엘지신주례2,59.97,14900.0
부산광역시 사상구 주례동,엘지신주례2,84.973,24500.0
부산광역시 사상구 주례동,엘지신주례2,84.973,26000.0
부산광역시 사상구 주례동,엘지신주례2,84.973,26500.0
부산광역시 사상구 주례동,엘지신주례2,59.97,14000.0
부산광역시 사상구 주례동,엘지신주례2,84.973,23000.0
부산광역시 사상구 주례동,엘지신주례2,84.973,24100.0
부산광역시 사상구 주례동,엘지신주례2,84.973,23150.0
부산광역시 사상구 주례동,조양,66.69,13700.0
부산광역시 사상구 주례동,조양,68.4,16000.0
부산광역시 사상구 주례동,주례1차동일,59.96,16800.0
부산광역시 사상구 주례동,주례1차동일,84.96,22300.0
부산광역시 사상구 주례동,주례센텀,71.0563,23000.0
부산광역시 사상구 주례동,주례제일타워맨션,84.92,19900.0
부산광역시 사상구 주례동,주례청구,75.06,21200.0
부산광역시 사상구 주례동,주례한효,59.94,14200.0
부산광역시 사상구 주례동,주례한효,59.94,15100.0
부산광역시 사상구 주례동,현대,84.85,19500.0
부산광역시 사상구 학장동,1차삼성,59.82,15300.0
부산광역시 사상구 학장동,구학마을,46.32,8900.0
부산광역시 사상구 학장동,금강,84.96,13900.0
부산광역시 사상구 학장동,금강,84.81,13200.0
부산광역시 사상구 학장동,금강,84.81,14500.0
부산광역시 사상구 학장동,금강,84.81,16500.0
부산광역시 사상구 학장동,목화,49.965,12600.0
부산광역시 사상구 학장동,삼정송림맨션,43.02,5000.0
부산광역시 사상구 학장동,삼정송림맨션,42.84,4000.0
부산광역시 사상구 학장동,정남파크맨션,56.57,7500.0
부산광역시 사상구 학장동,청파,47.7,12400.0
부산광역시 사상구 학장동,학장극동,84.97,15000.0
부산광역시 사상구 학장동,학장대림,59.94,11100.0
부산광역시 사상구 학장동,학장대림,84.99,16000.0
부산광역시 사상구 학장동,학장동 삼정그린코아 아파트,59.8897,23900.0
부산광역시 사상구 학장동,학장무학,59.99,16500.0
부산광역시 사상구 학장동,학장무학,59.99,15000.0
부산광역시 사상구 학장동,학장무학,59.99,15000.0
부산광역시 사상구 학장동,학장무학,84.91,21300.0
부산광역시 사하구 감천동,감천단지,68.99,9200.0
부산광역시 사하구 감천동,감천단지,57.45,8300.0
부산광역시 사하구 감천동,동일,63.27,13200.0
부산광역시 사하구 감천동,부영벽산파라빌,84.9939,26800.0
부산광역시 사하구 감천동,부영벽산파라빌,84.9939,20000.0
부산광역시 사하구 감천동,부영벽산파라빌,59.9786,16000.0
부산광역시 사하구 감천동,부영벽산파라빌,84.9939,18210.0
부산광역시 사하구 감천동,부영벽산파라빌,59.9786,19000.0
부산광역시 사하구 감천동,신흥동백(359-1),44.91,5600.0
부산광역시 사하구 괴정동,IDS 아델하임,49.55,19350.0
부산광역시 사하구 괴정동,경성스마트더블유아파트2차,58.85,24650.0
부산광역시 사하구 괴정동,괴정 K스타파크,59.8211,22000.0
부산광역시 사하구 괴정동,괴정 K스타파크,59.5399,22000.0
부산광역시 사하구 괴정동,괴정 K스타파크,73.9678,24250.0
부산광역시 사하구 괴정동,괴정 K스타파크,59.5399,21800.0
부산광역시 사하구 괴정동,괴정경동메르빌,84.986,19500.0
부산광역시 사하구 괴정동,괴정동 천아하늘정원 2차,49.54,25700.0
부산광역시 사하구 괴정동,괴정동 천아하늘정원 2차,79.36,38400.0
부산광역시 사하구 괴정동,괴정동 천아하늘정원 2차,79.36,38000.0
부산광역시 사하구 괴정동,괴정동그린시티,66.78,24900.0
부산광역시 사하구 괴정동,괴정동원,65.7,16500.0
부산광역시 사하구 괴정동,괴정신동화,59.91,19300.0
부산광역시 사하구 괴정동,괴정신동화,84.87,24600.0
부산광역시 사하구 괴정동,괴정어반푸르지오,63.4274,33800.0
부산광역시 사하구 괴정동,괴정엔스타,72.5661,27000.0
부산광역시 사하구 괴정동,괴정자유3,58.975,12000.0
부산광역시 사하구 괴정동,괴정자유3,58.975,9700.0
부산광역시 사하구 괴정동,괴정한신,84.74,28700.0
부산광역시 사하구 괴정동,괴정한신,59.6,19000.0
부산광역시 사하구 괴정동,괴정한일하나로타운,51.96,9000.0
부산광역시 사하구 괴정동,극동스타클래스,59.8915,24500.0
부산광역시 사하구 괴정동,벽산하이츠타운,84.66,16600.0
부산광역시 사하구 괴정동,사남신익,82.23,12400.0
부산광역시 사하구 괴정동,사하오성빌라맨션,49.14,6400.0
부산광역시 사하구 괴정동,사하오성빌라맨션,69.72,8500.0
부산광역시 사하구 괴정동,소라,77.55,14150.0
부산광역시 사하구 괴정동,송곡,59.99,9500.0
부산광역시 사하구 괴정동,신화프라자,58.76,19800.0
부산광역시 사하구 괴정동,영원베네스트아파트,69.21,32800.0
부산광역시 사하구 괴정동,한우,69.75,17800.0
부산광역시 사하구 괴정동,한일하나로,43.56,9300.0
부산광역시 사하구 괴정동,화신,66.02,12300.0
부산광역시 사하구 괴정동,화신,66.02,11000.0
부산광역시 사하구 구평동,e편한세상사하,84.9947,25000.0
부산광역시 사하구 구평동,e편한세상사하2차,59.9458,22500.0
부산광역시 사하구 구평동,e편한세상사하2차,59.9949,22000.0
부산광역시 사하구 구평동,구평화신,84.945,15000.0
부산광역시 사하구 구평동,부산구평동한신휴플러스,84.9936,21300.0
부산광역시 사하구 구평동,부산구평동한신휴플러스,59.7627,15900.0
부산광역시 사하구 구평동,부산구평동한신휴플러스,59.7627,15850.0
부산광역시 사하구 구평동,부산구평동한신휴플러스,59.7627,14300.0
부산광역시 사하구 구평동,부산구평동한신휴플러스,59.7627,15800.0
부산광역시 사하구 구평동,부산구평동한신휴플러스,84.9936,20500.0
부산광역시 사하구 구평동,영생비치,54.0,6500.0
부산광역시 사하구 다대동,국제그린,45.5,7500.0
부산광역시 사하구 다대동,국제그린,45.5,7000.0
부산광역시 사하구 다대동,국제그린,45.5,6500.0
부산광역시 사하구 다대동,다대다해,44.94,9200.0
부산광역시 사하구 다대동,다대다해,44.82,10900.0
부산광역시 사하구 다대동,다대다해,44.94,10000.0
부산광역시 사하구 다대동,다대동롯데캐슬몰운대,59.9115,17000.0
부산광역시 사하구 다대동,다대동롯데캐슬몰운대,84.9902,19800.0
부산광역시 사하구 다대동,다대동롯데캐슬몰운대,84.9748,22700.0
부산광역시 사하구 다대동,다대동롯데캐슬몰운대,84.9748,22000.0
부산광역시 사하구 다대동,다대동롯데캐슬몰운대,84.9902,20100.0
부산광역시 사하구 다대동,다대동롯데캐슬몰운대,84.9902,21500.0
부산광역시 사하구 다대동,다대동롯데캐슬몰운대,59.9115,16500.0
부산광역시 사하구 다대동,다대동롯데캐슬몰운대,84.9748,21450.0
부산광역시 사하구 다대동,다대동롯데캐슬몰운대,84.9902,21900.0
부산광역시 사하구 다대동,다대동롯데캐슬몰운대,59.9115,17900.0
부산광역시 사하구 다대동,다대롯데캐슬블루,84.9922,35000.0
부산광역시 사하구 다대동,다대롯데캐슬블루,84.96,29000.0
부산광역시 사하구 다대동,다대롯데캐슬블루,84.9669,32500.0
부산광역시 사하구 다대동,다대코오롱맨션,43.33,10200.0
부산광역시 사하구 다대동,다대포현대,79.8,16000.0
부산광역시 사하구 다대동,다대포현대,84.88,22000.0
부산광역시 사하구 다대동,다대포현대,84.88,21500.0
부산광역시 사하구 다대동,다대포현대,84.88,18500.0
부산광역시 사하구 다대동,다대푸르지오,84.9928,31000.0
부산광역시 사하구 다대동,다대푸르지오,84.559,32700.0
부산광역시 사하구 다대동,다대푸른,48.51,8900.0
부산광역시 사하구 다대동,다대푸른,48.51,8600.0
부산광역시 사하구 다대동,다대푸른,48.51,11300.0
부산광역시 사하구 다대동,다대푸른,48.51,8350.0
부산광역시 사하구 다대동,다대푸른,48.51,8000.0
부산광역시 사하구 다대동,다대해송,52.11,10400.0
부산광역시 사하구 다대동,다대해송,52.11,9300.0
부산광역시 사하구 다대동,몰운대,49.08,9000.0
부산광역시 사하구 다대동,몰운대,49.08,8500.0
부산광역시 사하구 다대동,몰운대,49.08,9300.0
부산광역시 사하구 다대동,몰운대,49.08,7600.0
부산광역시 사하구 다대동,몰운대,49.08,10900.0
부산광역시 사하구 다대동,몰운대,49.08,9400.0
부산광역시 사하구 다대동,몰운대,49.08,8500.0
부산광역시 사하구 다대동,몰운대,49.08,9300.0
부산광역시 사하구 다대동,몰운대,49.08,8500.0
부산광역시 사하구 다대동,몰운대,49.08,7600.0
부산광역시 사하구 다대동,몰운대,49.08,9000.0
부산광역시 사하구 다대동,몰운대,49.08,9700.0
부산광역시 사하구 다대동,삼환,84.87,22500.0
부산광역시 사하구 다대동,삼환,59.76,15000.0
부산광역시 사하구 다대동,삼환,84.87,23200.0
부산광역시 사하구 다대동,삼환,84.87,21500.0
부산광역시 사하구 다대동,삼환,59.76,16500.0
부산광역시 사하구 다대동,삼환,84.87,22800.0
부산광역시 사하구 다대동,삼환,59.76,15000.0
부산광역시 사하구 다대동,삼환,59.76,15600.0
부산광역시 사하구 다대동,삼환,59.76,17500.0
부산광역시 사하구 다대동,삼환,59.76,15800.0
부산광역시 사하구 다대동,신다대,39.78,6600.0
부산광역시 사하구 다대동,신다대,39.78,7000.0
부산광역시 사하구 다대동,우성로얄캐슬,42.3922,15500.0
부산광역시 사하구 다대동,재성힐링파크2차,72.09,21600.0
부산광역시 사하구 다대동,재성힐링파크2차,72.09,22800.0
부산광역시 사하구 다대동,조성,49.87,7550.0
부산광역시 사하구 당리동,당리4차혜성,84.89,13400.0
부산광역시 사하구 당리동,당리동1차동원베네스트,59.8198,17500.0
부산광역시 사하구 당리동,당리반도보라맨션,84.7,23500.0
부산광역시 사하구 당리동,당리신익,84.79,17000.0
부산광역시 사하구 당리동,당리에덴동산타운,71.91,9550.0
부산광역시 사하구 당리동,당리푸르지오,59.9589,32900.0
부산광역시 사하구 당리동,당리푸르지오,59.9589,33200.0
부산광역시 사하구 당리동,대림SM,71.45,29900.0
부산광역시 사하구 당리동,벽산으뜸,84.94,12900.0
부산광역시 사하구 당리동,부영벽산블루밍,84.9636,27100.0
부산광역시 사하구 당리동,부영벽산블루밍,84.9636,29100.0
부산광역시 사하구 당리동,소라,77.55,20400.0
부산광역시 사하구 당리동,신풍,56.36,18000.0
부산광역시 사하구 당리동,에스제이파베르,72.53,26762.0
부산광역시 사하구 당리동,우림그린맨션,84.78,12900.0
부산광역시 사하구 당리동,일성아이앤유,59.98,25000.0
부산광역시 사하구 당리동,일성아이앤유,59.98,25000.0
부산광역시 사하구 당리동,청조,45.55,8300.0
부산광역시 사하구 당리동,협진태양,54.74,8200.0
부산광역시 사하구 신평동,그리심힐102,67.698,20500.0
부산광역시 사하구 신평동,신익강변타운,71.4,14900.0
부산광역시 사하구 신평동,신익강변타운,84.9,17500.0
부산광역시 사하구 신평동,신평 삼한사랑채,84.9735,24000.0
부산광역시 사하구 신평동,신평럭키무지개타운,55.65,8100.0
부산광역시 사하구 신평동,신평럭키무지개타운,55.65,9800.0
부산광역시 사하구 신평동,신평엘에이치천년나무,74.96,22000.0
부산광역시 사하구 신평동,신평엘에이치천년나무,84.9,26400.0
부산광역시 사하구 신평동,신평엘에이치천년나무,84.66,25350.0
부산광역시 사하구 신평동,신평엘에이치천년나무,84.77,24700.0
부산광역시 사하구 신평동,신평한성임호,84.98,14000.0
부산광역시 사하구 신평동,한신,84.96,13200.0
부산광역시 사하구 신평동,현대,84.96,17300.0
부산광역시 사하구 신평동,현대,59.97,16100.0
부산광역시 사하구 장림동,강남,77.425,11100.0
부산광역시 사하구 장림동,극동정림,59.91,10200.0
부산광역시 사하구 장림동,극동정림,59.91,11500.0
부산광역시 사하구 장림동,극동정림,84.96,13700.0
부산광역시 사하구 장림동,극동정림,84.96,12600.0
부산광역시 사하구 장림동,나산리버빌,84.97,20200.0
부산광역시 사하구 장림동,동원로얄듀크,59.9942,13000.0
부산광역시 사하구 장림동,동원로얄듀크,59.9942,11700.0
부산광역시 사하구 장림동,동원로얄듀크,84.9961,19300.0
부산광역시 사하구 장림동,동원로얄듀크,84.9961,18000.0
부산광역시 사하구 장림동,동원로얄듀크,59.9942,11800.0
부산광역시 사하구 장림동,동원로얄듀크,59.9942,12400.0
부산광역시 사하구 장림동,동원로얄듀크,84.9961,16900.0
부산광역시 사하구 장림동,동원로얄듀크,59.9942,12300.0
부산광역시 사하구 장림동,동원로얄듀크,59.9942,12000.0
부산광역시 사하구 장림동,리버팰리스,66.5167,23800.0
부산광역시 사하구 장림동,리버팰리스,66.2894,23700.0
부산광역시 사하구 장림동,리버팰리스,66.0584,24400.0
부산광역시 사하구 장림동,벽산아파트,84.73,12000.0
부산광역시 사하구 장림동,삼경제일,78.15,10000.0
부산광역시 사하구 장림동,스마트더블유,16.4569,7614.0
부산광역시 사하구 장림동,신세대지큐빌,49.14,11700.0
부산광역시 사하구 장림동,신세대지큐빌,59.075,13500.0
부산광역시 사하구 장림동,신세대지큐빌,59.075,14000.0
부산광역시 사하구 장림동,신세대지큐빌,49.14,10000.0
부산광역시 사하구 장림동,신세대지큐빌,49.14,10000.0
부산광역시 사하구 장림동,신세대지큐빌,49.14,11000.0
부산광역시 사하구 장림동,신세대지큐빌,59.075,13000.0
부산광역시 사하구 장림동,신세대지큐빌,49.14,10000.0
부산광역시 사하구 장림동,신우림,84.915,12500.0
부산광역시 사하구 장림동,장림3차동원,71.54,15000.0
부산광역시 사하구 장림동,장림3차동원,59.6,13200.0
부산광역시 사하구 장림동,장림3차동원,59.6,13400.0
부산광역시 사하구 장림동,장림삼경아파트,65.188,8900.0
부산광역시 사하구 장림동,장림역사하베스티움,59.5491,23500.0
부산광역시 사하구 장림동,장림역사하베스티움,59.5491,22900.0
부산광역시 사하구 장림동,장림역사하베스티움,44.777,17300.0
부산광역시 사하구 장림동,장림역사하베스티움,48.4771,18600.0
부산광역시 사하구 장림동,장림역사하베스티움,44.777,17800.0
부산광역시 사하구 장림동,장림역사하베스티움,47.8155,18050.0
부산광역시 사하구 장림동,장림역사하베스티움,48.4771,18150.0
부산광역시 사하구 장림동,장림현대(372-4),66.03,10000.0
부산광역시 사하구 하단동,가락타운1,84.93,20500.0
부산광역시 사하구 하단동,가락타운1,84.93,19700.0
부산광역시 사하구 하단동,가락타운1,73.17,21300.0
부산광역시 사하구 하단동,가락타운1,84.93,20500.0
부산광역시 사하구 하단동,가락타운3,84.93,20700.0
부산광역시 사하구 하단동,가락타운3,84.96,18000.0
부산광역시 사하구 하단동,가락타운3,84.93,18400.0
부산광역시 사하구 하단동,가락타운3,84.93,20200.0
부산광역시 사하구 하단동,가락타운3,84.96,18400.0
부산광역시 사하구 하단동,가락타운3,84.93,17800.0
부산광역시 사하구 하단동,가락타운3,84.93,18750.0
부산광역시 사하구 하단동,공작,72.04,13450.0
부산광역시 사하구 하단동,더블루원허브,49.549,19300.0
부산광역시 사하구 하단동,보해이브빌2차,84.87,18500.0
부산광역시 사하구 하단동,지오빌,75.8,16000.0
부산광역시 사하구 하단동,하단동에스케이뷰,59.6715,24500.0
부산광역시 사하구 하단동,하단동에스케이뷰,84.7737,32900.0
부산광역시 사하구 하단동,하단동에스케이뷰,84.9814,34000.0
부산광역시 사하구 하단동,하단동에스케이뷰,84.7737,31000.0
부산광역시 사하구 하단동,하단삼창,59.8,17450.0
부산광역시 사하구 하단동,하단한신원룸,26.66,3500.0
부산광역시 사하구 하단동,한울엠비시어스,73.95,16700.0
부산광역시 서구 남부민동,LG마린타워,72.27,20000.0
부산광역시 서구 남부민동,LG마린타워,72.27,20100.0
부산광역시 서구 남부민동,대림비치,59.89,20500.0
부산광역시 서구 남부민동,대림비치,84.77,28000.0
부산광역시 서구 남부민동,민송 베른시티,84.69,28000.0
부산광역시 서구 남부민동,현대타운,84.45,26900.0
부산광역시 서구 동대신동1가,미소지음 6차,69.5139,29660.0
부산광역시 서구 동대신동1가,미소지음 6차,69.5139,29660.0
부산광역시 서구 동대신동1가,스타타워,19.25,11300.0
부산광역시 서구 동대신동1가,스타타워,17.42,9900.0
부산광역시 서구 동대신동1가,스타타워,22.93,12800.0
부산광역시 서구 동대신동1가,스타타워,16.84,9400.0
부산광역시 서구 동대신동1가,스타타워,14.29,8000.0
부산광역시 서구 동대신동1가,스타타워,14.29,8000.0
부산광역시 서구 동대신동1가,스타타워,22.93,12800.0
부산광역시 서구 동대신동1가,스타타워,16.84,9400.0
부산광역시 서구 동대신동1가,스타타워,14.29,8000.0
부산광역시 서구 동대신동1가,스타타워,22.93,12800.0
부산광역시 서구 동대신동1가,스타타워,16.84,9400.0
부산광역시 서구 동대신동1가,스타타워,14.29,8000.0
부산광역시 서구 동대신동1가,스타타워,16.84,9400.0
부산광역시 서구 동대신동1가,스타타워,14.29,8000.0
부산광역시 서구 동대신동1가,스타타워,22.93,12800.0
부산광역시 서구 동대신동1가,스타타워,22.93,12800.0
부산광역시 서구 동대신동1가,스타타워,16.84,9400.0
부산광역시 서구 동대신동1가,스타타워,14.29,8000.0
부산광역시 서구 동대신동1가,스타타워,22.93,12800.0
부산광역시 서구 동대신동1가,스타타워,16.84,9400.0
부산광역시 서구 동대신동1가,스타타워,14.29,8000.0
부산광역시 서구 동대신동1가,스타타워,22.93,12800.0
부산광역시 서구 동대신동1가,스타타워,16.84,9400.0
부산광역시 서구 동대신동1가,스타타워,14.29,8000.0
부산광역시 서구 동대신동1가,스타타워,22.93,12800.0
부산광역시 서구 동대신동1가,스타타워,22.93,12800.0
부산광역시 서구 동대신동1가,스타타워,16.84,9400.0
부산광역시 서구 동대신동1가,스타타워,16.84,9400.0
부산광역시 서구 동대신동1가,스타타워,14.29,8000.0
부산광역시 서구 동대신동1가,진흥목화,82.5438,22600.0
부산광역시 서구 동대신동2가,골든캐슬,78.58,26300.0
부산광역시 서구 동대신동2가,영산,80.54,8900.0
부산광역시 서구 동대신동3가,동대센츄럴타운,84.07,22800.0
부산광역시 서구 부민동1가,부민부백자연애,44.16,18400.0
부산광역시 서구 부용동1가,동양하이츠,61.47,19600.0
부산광역시 서구 부용동1가,부용동한웅드리머스,84.705,33300.0
부산광역시 서구 서대신동1가,대신에코팰리스,75.41,33462.0
부산광역시 서구 서대신동1가,대신에코팰리스,78.47,32950.0
부산광역시 서구 서대신동1가,대신에코팰리스,78.47,34500.0
부산광역시 서구 서대신동1가,대신타워펠리스,66.95,22000.0
부산광역시 서구 서대신동1가,대신푸르지오1차,59.879,35000.0
부산광역시 서구 서대신동1가,리치W도시형생활주택,19.8909,6500.0
부산광역시 서구 서대신동1가,서대신부백더자연애아파트,39.82,20524.0
부산광역시 서구 서대신동1가,하나로5차,79.54,23000.0
부산광역시 서구 서대신동2가,대신메트로빌,80.25,24500.0
부산광역시 서구 서대신동2가,보람,84.975,31800.0
부산광역시 서구 서대신동2가,석포로얄캐슬2차,84.85,24700.0
부산광역시 서구 서대신동3가,구덕자유,59.6,20300.0
부산광역시 서구 서대신동3가,금호어울림,84.99,26400.0
부산광역시 서구 서대신동3가,대림e편한세상,84.87,22000.0
부산광역시 서구 서대신동3가,대신 롯데캐슬,84.7855,37600.0
부산광역시 서구 서대신동3가,부산빌라트,80.61,15500.0
부산광역시 서구 서대신동3가,세영엘도라도B동,49.87,23000.0
부산광역시 서구 서대신동3가,효정풍경채,44.86,20000.0
부산광역시 서구 아미동1가,리더스빌,17.25,8400.0
부산광역시 서구 아미동1가,리더스빌,17.46,8500.0
부산광역시 서구 아미동1가,리더스빌,17.46,8500.0
부산광역시 서구 아미동1가,리더스빌,17.25,8400.0
부산광역시 서구 아미동1가,리더스빌,17.25,8400.0
부산광역시 서구 아미동1가,리더스빌,17.25,8400.0
부산광역시 서구 아미동1가,리더스빌,17.46,8500.0
부산광역시 서구 아미동1가,리더스빌,17.46,8500.0
부산광역시 서구 아미동1가,리더스빌,35.13,17100.0
부산광역시 서구 아미동1가,리더스빌,17.25,8400.0
부산광역시 서구 아미동1가,리더스빌,17.25,8400.0
부산광역시 서구 아미동1가,리더스빌,17.46,8500.0
부산광역시 서구 아미동1가,리더스빌,17.46,8500.0
부산광역시 서구 아미동1가,리더스빌,17.46,8500.0
부산광역시 서구 아미동1가,리더스빌,17.46,8500.0
부산광역시 서구 아미동1가,리더스빌,17.25,8400.0
부산광역시 서구 아미동1가,리더스빌,17.46,8500.0
부산광역시 서구 아미동1가,리더스빌,17.46,8500.0
부산광역시 서구 아미동1가,리더스빌,17.46,8500.0
부산광역시 서구 아미동1가,리더스빌,17.46,8500.0
부산광역시 서구 아미동1가,리더스빌,17.46,8500.0
부산광역시 서구 아미동1가,리더스빌,17.46,8500.0
부산광역시 서구 아미동1가,리더스빌,17.46,8500.0
부산광역시 서구 아미동1가,리더스빌,17.46,8500.0
부산광역시 서구 아미동1가,리더스빌,17.25,8400.0
부산광역시 서구 아미동1가,리더스빌,17.25,8400.0
부산광역시 서구 아미동1가,리더스빌,17.46,8500.0
부산광역시 서구 아미동1가,리더스빌,17.46,8500.0
부산광역시 서구 아미동1가,리더스빌,17.25,8400.0
부산광역시 서구 아미동2가,남부,57.85,12000.0
부산광역시 서구 암남동,백조맨션,67.95,18500.0
부산광역시 서구 암남동,보강빌라,84.91,15300.0
부산광역시 서구 암남동,삼경맨션,72.345,10500.0
부산광역시 서구 암남동,삼경빌라맨션,84.58,17700.0
부산광역시 서구 암남동,송도 서린 엘마르,59.9026,35500.0
부산광역시 서구 암남동,송도동일스위트,84.9698,26200.0
부산광역시 서구 암남동,송도동일스위트,59.9172,16000.0
부산광역시 서구 암남동,송도삼정비치맨션,49.68,9800.0
부산광역시 서구 암남동,송도자유비치,48.63,9200.0
부산광역시 서구 암남동,송도자유비치,59.79,10700.0
부산광역시 서구 암남동,송도혜성비치타운,59.3,11000.0
부산광역시 서구 암남동,송암파크빌,80.13,23000.0
부산광역시 서구 충무동2가,태양아르떼 주건축물제1동,49.9,19100.0
부산광역시 서구 토성동1가,봄여름가을겨울,84.8,38000.0
부산광역시 서구 토성동1가,토성동봄여름가을겨울,60.45,24000.0
부산광역시 서구 토성동5가,서원블루오션B동,81.83,27150.0
부산광역시 서구 토성동5가,서원스위트홈,84.07,28000.0
부산광역시 서구 토성동5가,장산빌라,78.54,18480.0
부산광역시 서구 토성동5가,한영리더스,54.47,24830.0
부산광역시 서구 토성동5가,해오름,80.38,26800.0
부산광역시 수영구 광안동,POPS아트빌38,22.74,7800.0
부산광역시 수영구 광안동,광안 부백 자연애 아파트,46.07,25200.0
부산광역시 수영구 광안동,광안 협성엠파이어Ⅱ,50.7624,26500.0
부산광역시 수영구 광안동,광안명진웰리치,81.96,24700.0
부산광역시 수영구 광안동,광원,84.99,27000.0
부산광역시 수영구 광안동,광원,84.99,27700.0
부산광역시 수영구 광안동,광원,59.94,21000.0
부산광역시 수영구 광안동,광원,59.94,22200.0
부산광역시 수영구 광안동,광원,59.94,19700.0
부산광역시 수영구 광안동,동양맨션,49.2,11000.0
부산광역시 수영구 광안동,동원맨션(776-21),84.93,34000.0
부산광역시 수영구 광안동,라익,47.995,14600.0
부산광역시 수영구 광안동,롯데골드로즈,33.06,10750.0
부산광역시 수영구 광안동,비치-그린아파트,59.76,19900.0
부산광역시 수영구 광안동,비치-그린아파트,84.9,32000.0
부산광역시 수영구 광안동,비치-그린아파트,59.76,22000.0
부산광역시 수영구 광안동,비치-그린아파트,84.9,27700.0
부산광역시 수영구 광안동,비치-그린아파트,84.9,29700.0
부산광역시 수영구 광안동,비치-그린아파트,84.9,29500.0
부산광역시 수영구 광안동,비치-그린아파트,59.76,19000.0
부산광역시 수영구 광안동,비치-그린아파트,59.76,18400.0
부산광역시 수영구 광안동,에이스 로얄 팰리스,17.24,12700.0
부산광역시 수영구 광안동,에이스 로얄 팰리스,49.3,34800.0
부산광역시 수영구 광안동,유림주상복합,34.29,10100.0
부산광역시 수영구 광안동,태평양하이츠,59.99,19300.0
부산광역시 수영구 광안동,힐탑더블시티,49.7385,20400.0
부산광역시 수영구 남천동,궁전아이브,32.04,13150.0
부산광역시 수영구 남천동,뉴비치,41.46,27700.0
부산광역시 수영구 남천동,백산,65.88,27750.0
부산광역시 수영구 남천동,백산,82.8,32000.0
부산광역시 수영구 남천동,삼익비치,41.52,40000.0
부산광역시 수영구 남천동,삼익비치,41.52,37800.0
부산광역시 수영구 남천동,삼익타워,43.71,29300.0
부산광역시 수영구 남천동,삼익타워,43.71,31000.0
부산광역시 수영구 남천동,삼익타워,57.0,39500.0
부산광역시 수영구 남천동,삼익타워,43.71,30000.0
부산광역시 수영구 남천동,삼익타워,57.0,40000.0
부산광역시 수영구 남천동,이린타워빌2,47.19,18500.0
부산광역시 수영구 남천동,이린타워빌5,46.51,18700.0
부산광역시 수영구 남천동,진흥목화,84.95,28250.0
부산광역시 수영구 남천동,화목타운,81.54,37000.0
부산광역시 수영구 망미동,로얄베스토피아,84.42,18500.0
부산광역시 수영구 망미동,로얄베스토피아,84.42,15000.0
부산광역시 수영구 망미동,망미이진캐스빌,62.6471,27900.0
부산광역시 수영구 망미동,망미이진캐스빌,62.6471,27200.0
부산광역시 수영구 망미동,복음,46.8,15000.0
부산광역시 수영구 망미동,오양장미,52.26,13600.0
부산광역시 수영구 망미동,이편한세상1차,84.9357,32000.0
부산광역시 수영구 망미동,이편한세상2차,59.901,24000.0
부산광역시 수영구 망미동,이편한세상2차,84.939,30800.0
부산광역시 수영구 망미동,이편한세상2차,84.939,30800.0
부산광역시 수영구 민락동,롯데캐슬자이언트,84.9393,40000.0
부산광역시 수영구 민락동,민락동센텀메르빌,68.2215,34300.0
부산광역시 수영구 민락동,센텀비치푸르지오,84.88,38500.0
부산광역시 수영구 민락동,진로비치(101~103동),59.36,21800.0
부산광역시 수영구 수영동,해마루아파트,44.58,16000.0
부산광역시 수영구 수영동,현대,68.85,35000.0
부산광역시 수영구 수영동,현대,52.38,33000.0
부산광역시 수영구 수영동,현대,52.29,32000.0
부산광역시 연제구 거제동,거제1차현대홈타운,59.93,27000.0
부산광역시 연제구 거제동,거제2차현대홈타운,59.676,31000.0
부산광역시 연제구 거제동,거제2차현대홈타운,59.676,30000.0
부산광역시 연제구 거제동,거제2차현대홈타운,59.676,30500.0
부산광역시 연제구 거제동,거제2차현대홈타운,59.676,31200.0
부산광역시 연제구 거제동,거제동롯데캐슬,84.937,28500.0
부산광역시 연제구 거제동,거제동롯데캐슬,84.937,31750.0
부산광역시 연제구 거제동,거제동롯데캐슬,59.664,28300.0
부산광역시 연제구 거제동,거제동롯데캐슬,84.937,32500.0
부산광역시 연제구 거제동,거제유림노르웨이숲,84.8465,31500.0
부산광역시 연제구 거제동,거제유림노르웨이숲,84.8465,32500.0
부산광역시 연제구 거제동,거제유림노르웨이숲,84.6772,30500.0
부산광역시 연제구 거제동,대우,84.94,25500.0
부산광역시 연제구 거제동,동원타워,84.98,31000.0
부산광역시 연제구 거제동,벽산이-메타폴리스,84.42,28000.0
부산광역시 연제구 거제동,벽산이-메타폴리스,84.42,29000.0
부산광역시 연제구 거제동,부원골드빌,79.0,20000.0
부산광역시 연제구 거제동,삼익퓨쳐타워,59.94,25900.0
부산광역시 연제구 거제동,삼익퓨쳐타워,59.94,25200.0
부산광역시 연제구 거제동,삼정그린코아,59.6068,18800.0
부산광역시 연제구 거제동,쌍용,59.991,29500.0
부산광역시 연제구 거제동,쌍용,59.991,28500.0
부산광역시 연제구 거제동,온천천2차동원로얄듀크,78.2467,39500.0
부산광역시 연제구 거제동,온천천쌍용예가,84.945,38000.0
부산광역시 연제구 거제동,온천천쌍용예가,84.945,36300.0
부산광역시 연제구 거제동,우성,73.755,24700.0
부산광역시 연제구 거제동,우성,59.94,24600.0
부산광역시 연제구 거제동,유림아시아드,84.9706,33500.0
부산광역시 연제구 거제동,유림아시아드타워,59.983,20500.0
부산광역시 연제구 거제동,유림아시아드타워,59.983,20200.0
부산광역시 연제구 거제동,전원빌리지,82.72,24700.0
부산광역시 연제구 거제동,청마마이우스,42.6025,11800.0
부산광역시 연제구 거제동,청마마이우스,35.0625,9300.0
부산광역시 연제구 거제동,청마마이우스,35.0625,9500.0
부산광역시 연제구 거제동,태경썬싸인,84.93,25800.0
부산광역시 연제구 거제동,한성,76.2,16000.0
부산광역시 연제구 거제동,현대,84.96,28000.0
부산광역시 연제구 거제동,현대,72.77,27000.0
부산광역시 연제구 거제동,현대타운,84.99,23750.0
부산광역시 연제구 연산동,SC아르피나,45.34,21854.0
부산광역시 연제구 연산동,SC아르피나,66.37,31200.0
부산광역시 연제구 연산동,강일 프라임빌,64.3902,23000.0
부산광역시 연제구 연산동,공영,57.99,7200.0
부산광역시 연제구 연산동,금호천지,64.18,12000.0
부산광역시 연제구 연산동,남산두맨션,67.64,10700.0
부산광역시 연제구 연산동,남일,73.09,15000.0
부산광역시 연제구 연산동,더샵 파크시티,69.93,39900.0
부산광역시 연제구 연산동,더샵 파크시티,69.93,38500.0
부산광역시 연제구 연산동,더샵 파크시티,69.93,38600.0
부산광역시 연제구 연산동,동덕현대,75.33,21000.0
부산광역시 연제구 연산동,동서상가,71.4,14000.0
부산광역시 연제구 연산동,동우,41.91,3600.0
부산광역시 연제구 연산동,디아이하우스,46.7,13500.0
부산광역시 연제구 연산동,디오빌비동,58.29,19500.0
부산광역시 연제구 연산동,무궁화,59.4,13500.0
부산광역시 연제구 연산동,배산프라임타워,46.79,18000.0
부산광역시 연제구 연산동,부산 센텀 푸르지오,59.9723,30000.0
부산광역시 연제구 연산동,부산 센텀 푸르지오,59.9723,30000.0
부산광역시 연제구 연산동,브라운스톤연제1단지,59.992,34500.0
부산광역시 연제구 연산동,삼익,84.26,28700.0
부산광역시 연제구 연산동,새연산(588-1),64.17,26500.0
부산광역시 연제구 연산동,세화,68.59,15400.0
부산광역시 연제구 연산동,세화,68.59,15000.0
부산광역시 연제구 연산동,센텀리버 SK VIEW,64.0118,31100.0
부산광역시 연제구 연산동,센텀리버 SK VIEW,64.0118,31500.0
부산광역시 연제구 연산동,센텀리버 SK VIEW,64.0118,33450.0
부산광역시 연제구 연산동,센텀수영강푸르지오,84.9899,31900.0
부산광역시 연제구 연산동,센텀수영강푸르지오,59.9616,27700.0
부산광역시 연제구 연산동,센텀수영강푸르지오,59.9616,33000.0
부산광역시 연제구 연산동,시청역 퀸즈W,49.9004,21500.0
부산광역시 연제구 연산동,시청역 퀸즈W,48.3103,19800.0
부산광역시 연제구 연산동,아이유 파크(IU-PARK),66.322,27650.0
부산광역시 연제구 연산동,아이유 파크(IU-PARK),66.322,27950.0
부산광역시 연제구 연산동,아이유 파크(IU-PARK),64.7547,27000.0
부산광역시 연제구 연산동,아이유 파크(IU-PARK),66.322,27350.0
부산광역시 연제구 연산동,아이유 파크(IU-PARK),66.322,27350.0
부산광역시 연제구 연산동,아이유 파크(IU-PARK),66.322,27650.0
부산광역시 연제구 연산동,연산 경동메르빌,80.8691,36000.0
부산광역시 연제구 연산동,연산 경동메르빌,77.0514,33300.0
부산광역시 연제구 연산동,연산 경동메르빌,77.0514,34500.0
부산광역시 연제구 연산동,연산동 일동 미라주 더 스타,77.86,37800.0
부산광역시 연제구 연산동,연산동 일동 미라주 더 스타,31.7359,17000.0
부산광역시 연제구 연산동,연산동 일동 미라주 더 스타,31.7359,17600.0
부산광역시 연제구 연산동,연산동한솔솔파크,84.9944,27300.0
부산광역시 연제구 연산동,연산엘지,59.997,22800.0
부산광역시 연제구 연산동,연산엘지,60.0,21100.0
부산광역시 연제구 연산동,연산엘지,84.99,25800.0
부산광역시 연제구 연산동,연산엘지,84.99,25500.0
부산광역시 연제구 연산동,연산엘지,84.99,25400.0
부산광역시 연제구 연산동,연산엘지,60.0,19800.0
부산광역시 연제구 연산동,연산자이,84.6588,38800.0
부산광역시 연제구 연산동,연산자이,84.5157,39000.0
부산광역시 연제구 연산동,연산자이,84.5157,39700.0
부산광역시 연제구 연산동,연산자이,84.5157,40000.0
부산광역시 연제구 연산동,연산훼미리타운,84.68,18500.0
부산광역시 연제구 연산동,주공,61.56,25000.0
부산광역시 연제구 연산동,주공,75.24,28000.0
부산광역시 연제구 연산동,주공,75.75,29200.0
부산광역시 연제구 연산동,주공,84.15,31500.0
부산광역시 연제구 연산동,주공,64.62,26500.0
부산광역시 연제구 연산동,주공,84.15,30000.0
부산광역시 연제구 연산동,주공,69.08,29000.0
부산광역시 연제구 연산동,주공,61.56,25500.0
부산광역시 연제구 연산동,주공,84.15,32200.0
부산광역시 연제구 연산동,주공,84.15,32000.0
부산광역시 연제구 연산동,주공,61.56,25800.0
부산광역시 연제구 연산동,주공,64.62,29000.0
부산광역시 연제구 연산동,주공,64.62,27500.0
부산광역시 연제구 연산동,진일,42.28,9000.0
부산광역시 연제구 연산동,진일,48.76,9500.0
부산광역시 연제구 연산동,킴스힐타워,52.9164,19000.0
부산광역시 연제구 연산동,킴스힐타워,50.0775,19500.0
부산광역시 연제구 연산동,포세이돈,44.41,16500.0
부산광역시 연제구 연산동,하나파크빌,49.05,13700.0
부산광역시 연제구 연산동,한독,81.15,18500.0
부산광역시 연제구 연산동,한양(388-1),84.92,32000.0
부산광역시 연제구 연산동,한양(395),42.74,16800.0
부산광역시 연제구 연산동,한양(395),77.98,26500.0
부산광역시 연제구 연산동,한양상가(391-1),75.8475,29000.0
부산광역시 연제구 연산동,한일유앤아이,71.833,24500.0
부산광역시 연제구 연산동,현대(983-9),59.99,18000.0
부산광역시 영도구 남항동1가,남항부백자연애,38.2,16800.0
부산광역시 영도구 남항동1가,더킹페로스아파트,84.97,37362.0
부산광역시 영도구 남항동3가,현대,47.77,6900.0
부산광역시 영도구 남항동3가,현대,59.3,9000.0
부산광역시 영도구 대교동1가,한우리6차,43.5,19000.0
부산광역시 영도구 대교동2가,아이블리스,64.9716,20500.0
부산광역시 영도구 동삼동,동산파크타운,38.74,7000.0
부산광역시 영도구 동삼동,동삼그린힐,49.94,8500.0
부산광역시 영도구 동삼동,동삼그린힐,49.94,9250.0
부산광역시 영도구 동삼동,동삼그린힐,49.94,8800.0
부산광역시 영도구 동삼동,동삼그린힐,49.94,9000.0
부산광역시 영도구 동삼동,동삼그린힐,58.46,10900.0
부산광역시 영도구 동삼동,동삼그린힐,41.3,7900.0
부산광역시 영도구 동삼동,동삼절영3,41.85,7700.0
부산광역시 영도구 동삼동,동삼절영3,41.85,9100.0
부산광역시 영도구 동삼동,롯데캐슬 블루오션,59.96,27300.0
부산광역시 영도구 동삼동,롯데캐슬 블루오션,74.97,33900.0
부산광역시 영도구 동삼동,롯데캐슬 블루오션,74.97,36200.0
부산광역시 영도구 동삼동,롯데캐슬 블루오션,59.96,26100.0
부산광역시 영도구 동삼동,삼창파크맨션1동,67.14,9500.0
부산광역시 영도구 동삼동,삼창파크맨션2동,63.78,8800.0
부산광역시 영도구 동삼동,삼창파크타운1동2동,63.69,10000.0
부산광역시 영도구 동삼동,신흥동백2,48.96,7950.0
부산광역시 영도구 동삼동,유림노르웨이숲비치,59.6616,18500.0
부산광역시 영도구 동삼동,전원파크맨션,67.89,8500.0
부산광역시 영도구 동삼동,절영(510-2),46.27,8500.0
부산광역시 영도구 동삼동,조양비취맨션,53.85,8000.0
부산광역시 영도구 동삼동,조양비취맨션,48.45,10500.0
부산광역시 영도구 동삼동,태림,71.4,10300.0
부산광역시 영도구 동삼동,함지그린,57.09,14800.0
부산광역시 영도구 동삼동,함지그린,57.09,12400.0
부산광역시 영도구 동삼동,함지그린,45.5,11100.0
부산광역시 영도구 동삼동,함지그린,45.5,12150.0
부산광역시 영도구 동삼동,함지그린,45.5,11000.0
부산광역시 영도구 동삼동,형제오션뷰,84.8096,17900.0
부산광역시 영도구 봉래동1가,영광골든타워,84.21,24000.0
부산광역시 영도구 봉래동1가,유원 블루파크,56.99,22500.0
부산광역시 영도구 봉래동1가,유원 블루파크,59.832,27670.0
부산광역시 영도구 봉래동2가,미광마린타워,84.78,27500.0
부산광역시 영도구 봉래동2가,미광마린타워,84.78,26500.0
부산광역시 영도구 봉래동3가,한빛타운,82.57,22000.0
부산광역시 영도구 봉래동5가,한진중공업사원,60.0,6600.0
부산광역시 영도구 봉래동5가,한진중공업사원,60.0,6800.0
부산광역시 영도구 봉래동5가,한진중공업사원,60.0,6500.0
부산광역시 영도구 봉래동5가,한진중공업사원,60.0,6100.0
부산광역시 영도구 봉래동5가,한진중공업사원,60.0,9000.0
부산광역시 영도구 영선동1가,하이스카이,74.28,22000.0
부산광역시 영도구 영선동3가,영선무궁화맨션,84.24,17800.0
부산광역시 영도구 영선동4가,영도대원,78.01,17600.0
부산광역시 영도구 영선동4가,영도대원,78.01,19000.0
부산광역시 영도구 영선동4가,영선1동,36.36,7000.0
부산광역시 영도구 영선동4가,영선2동4동,36.36,6800.0
부산광역시 영도구 영선동4가,영선2동4동,36.36,6900.0
부산광역시 영도구 영선동4가,영선2동4동,36.36,7300.0
부산광역시 영도구 영선동4가,영선2동4동,36.36,7000.0
부산광역시 영도구 청학동,대경위너스,64.71,25330.0
부산광역시 영도구 청학동,미주비치,84.94,16500.0
부산광역시 영도구 청학동,신영도롯데낙천대,59.9675,16200.0
부산광역시 영도구 청학동,신영도롯데낙천대,59.9675,16700.0
부산광역시 영도구 청학동,신영도롯데낙천대,59.9675,16400.0
부산광역시 영도구 청학동,신영도롯데낙천대,59.9675,16000.0
부산광역시 영도구 청학동,신영도롯데낙천대,84.97,21700.0
부산광역시 영도구 청학동,영도신도브래뉴,59.9846,26500.0
부산광역시 영도구 청학동,영도신도브래뉴,59.9846,25400.0
부산광역시 영도구 청학동,영도신도브래뉴,59.9846,24700.0
부산광역시 영도구 청학동,원우엔리치빌,79.9424,16800.0
부산광역시 영도구 청학동,한일유앤아이,84.4042,19650.0
부산광역시 영도구 청학동,혜광마린팰리스,84.87,18800.0
부산광역시 중구 대창동1가,부원,66.12,8800.0
부산광역시 중구 대청동1가,코모도에스테이트,25.36,10000.0
부산광역시 중구 대청동2가,그린시티,84.96,23000.0
부산광역시 중구 대청동4가,근영빌라1동,59.89,9400.0
부산광역시 중구 보수동1가,시영,36.36,1500.0
부산광역시 중구 보수동2가,대성아르빌,26.68,8500.0
부산광역시 중구 보수동2가,보수2차 봄여름가을겨울,84.785,31600.0
부산광역시 중구 보수동2가,송파지오스빌라트,84.69,21500.0
부산광역시 중구 보수동3가,서원블루오션F동,70.8014,33500.0
부산광역시 중구 보수동3가,선경에이스,72.6417,32115.0
부산광역시 중구 보수동3가,선경에이스,72.6417,32115.0
부산광역시 중구 보수동3가,신보수맨션,64.79,10600.0
부산광역시 중구 보수동3가,신보수맨션,64.79,12950.0
부산광역시 중구 신창동2가,신생,46.19,8500.0
부산광역시 중구 영주동,동아(160-0),57.09,13500.0
부산광역시 중구 영주동,동아(160-0),57.09,12500.0
부산광역시 중구 영주동,동주파크,77.83,12200.0
부산광역시 중구 영주동,세광플러스빌,79.25,18000.0
부산광역시 중구 영주동,우남이채롬,84.347,31500.0
부산광역시 중구 영주동,우남이채롬,69.7456,24000.0
부산광역시 중구 영주동,은하,49.59,6500.0
부산광역시 해운대구 반송동,LIG 건영아파트,59.88,11000.0
부산광역시 해운대구 반송동,광하주택2,43.97,8300.0
부산광역시 해운대구 반송동,광하주택3,55.745,7700.0
부산광역시 해운대구 반송동,광하주택3,55.745,8000.0
부산광역시 해운대구 반송동,남흥,84.88,18000.0
부산광역시 해운대구 반송동,남흥,84.88,18300.0
부산광역시 해운대구 반송동,민화그린빌라,52.35,5950.0
부산광역시 해운대구 반송동,벽산삼협,59.916,12700.0
부산광역시 해운대구 반송동,벽산삼협,59.916,13700.0
부산광역시 해운대구 반송동,벽산삼협,59.916,13500.0
부산광역시 해운대구 반송동,삼한2,59.98,14700.0
부산광역시 해운대구 반송동,삼한5차,59.94,14700.0
부산광역시 해운대구 반송동,삼한그린맨션,59.93,7500.0
부산광역시 해운대구 반송동,삼한그린타운1,84.87,17000.0
부산광역시 해운대구 반여동,SKVIEW,76.56,23000.0
부산광역시 해운대구 반여동,SKVIEW,76.56,22000.0
부산광역시 해운대구 반여동,SKVIEW,59.91,20300.0
부산광역시 해운대구 반여동,그린파크,43.72,7800.0
부산광역시 해운대구 반여동,대우금사,59.91,15900.0
부산광역시 해운대구 반여동,메가센텀한화꿈에그린,84.9793,35500.0
부산광역시 해운대구 반여동,메가센텀한화꿈에그린,84.9793,38000.0
부산광역시 해운대구 반여동,메가센텀한화꿈에그린,84.9304,39500.0
부산광역시 해운대구 반여동,반여현대,59.92,15500.0
부산광역시 해운대구 반여동,벽산한솔타운,59.794,12500.0
부산광역시 해운대구 반여동,삼익그린맨션,61.83,19000.0
부산광역시 해운대구 반여동,센텀대림아파트,59.99,17500.0
부산광역시 해운대구 반여동,센텀대림아파트,59.99,18200.0
부산광역시 해운대구 반여동,센텀대림아파트,59.99,17450.0
부산광역시 해운대구 반여동,센텀대림아파트,59.99,17500.0
부산광역시 해운대구 반여동,센텀롯데캐슬2차,59.9675,21000.0
부산광역시 해운대구 반여동,센텀롯데캐슬2차,59.9675,21500.0
부산광역시 해운대구 반여동,센텀롯데캐슬2차,84.97,26000.0
부산광역시 해운대구 반여동,센텀롯데캐슬2차,59.9675,21500.0
부산광역시 해운대구 반여동,센텀롯데캐슬2차,84.97,29000.0
부산광역시 해운대구 반여동,센텀롯데캐슬아파트,84.97,30500.0
부산광역시 해운대구 반여동,센텀롯데캐슬아파트,59.7601,22300.0
부산광역시 해운대구 반여동,센텀롯데캐슬아파트,59.7601,22500.0
부산광역시 해운대구 반여동,센텀롯데캐슬아파트,59.7601,21800.0
부산광역시 해운대구 반여동,송보자유,59.95,14000.0
부산광역시 해운대구 반여동,신동타워맨션,82.094,17000.0
부산광역시 해운대구 반여동,아시아선수촌아파트,59.92,24000.0
부산광역시 해운대구 반여동,에덴동산타운,83.58,13800.0
부산광역시 해운대구 반여동,우방신세계타운,59.97,18000.0
부산광역시 해운대구 반여동,우방신세계타운,59.96,17800.0
부산광역시 해운대구 반여동,우신,59.8,15900.0
부산광역시 해운대구 반여동,우신,59.8,16000.0
부산광역시 해운대구 반여동,일동미라주아파트,56.9704,16500.0
부산광역시 해운대구 반여동,일동미라주아파트,56.9704,15000.0
부산광역시 해운대구 반여동,창신맨션,34.92,10500.0
부산광역시 해운대구 반여동,창신맨션,41.4,12000.0
부산광역시 해운대구 반여동,창신맨션,50.76,15600.0
부산광역시 해운대구 반여동,해운대 더샵 센텀그린,72.9699,29650.0
부산광역시 해운대구 반여동,해운대 센텀트루엘 2단지,74.9884,31130.0
부산광역시 해운대구 반여동,해운대 센텀트루엘 2단지,59.9663,25550.0
부산광역시 해운대구 반여동,현대3,59.97,10000.0
부산광역시 해운대구 반여동,현대4,84.69,36000.0
부산광역시 해운대구 송정동,럭스빌비치,53.17,16400.0
부산광역시 해운대구 송정동,해운대송정우림필유아파트,59.9809,23000.0
부산광역시 해운대구 우동,경동,59.535,31400.0
부산광역시 해운대구 우동,대우동삼,84.85,39700.0
부산광역시 해운대구 우동,동부올림픽타운,59.8,33100.0
부산광역시 해운대구 우동,동부올림픽타운,59.8,36000.0
부산광역시 해운대구 우동,동부올림픽타운,59.8,34500.0
부산광역시 해운대구 우동,동부올림픽타운,59.8,32000.0
부산광역시 해운대구 우동,동부올림픽타운,59.8,35000.0
부산광역시 해운대구 우동,롯데,84.84,37900.0
부산광역시 해운대구 우동,롯데,84.84,38600.0
부산광역시 해운대구 우동,선프라자,59.34,23000.0
부산광역시 해운대구 우동,센텀마리나,84.14,33500.0
부산광역시 해운대구 우동,센텀삼환Nauville,84.84,38300.0
부산광역시 해운대구 우동,센텀삼환Nauville,84.84,38500.0
부산광역시 해운대구 우동,센텀삼환Nauville,84.84,40000.0
부산광역시 해운대구 우동,센텀센시빌,84.9402,34000.0
부산광역시 해운대구 우동,센텀센시빌,84.9402,35300.0
부산광역시 해운대구 우동,센텀센시빌,84.9402,35100.0
부산광역시 해운대구 우동,해운대 한솔솔파크,84.7894,31900.0
부산광역시 해운대구 우동,해운대 협성엠파이어,75.5658,30900.0
부산광역시 해운대구 우동,해운대오션파크,59.891,24400.0
부산광역시 해운대구 우동,현대,59.84,18400.0
부산광역시 해운대구 우동,협성그린파크,84.87,20000.0
부산광역시 해운대구 우동,협성프라임빌,59.988,22000.0
부산광역시 해운대구 재송동,금호,74.445,20700.0
부산광역시 해운대구 재송동,금호,74.445,18900.0
부산광역시 해운대구 재송동,남성선파크,42.05,6500.0
부산광역시 해운대구 재송동,센텀글로리아,53.54,8000.0
부산광역시 해운대구 재송동,센텀동부센트레빌,84.9926,36100.0
부산광역시 해운대구 재송동,센텀동부센트레빌,84.9982,34000.0
부산광역시 해운대구 재송동,센텀동부센트레빌,84.9749,34000.0
부산광역시 해운대구 재송동,센텀동부센트레빌,84.9982,37500.0
부산광역시 해운대구 재송동,센텀동부센트레빌,84.9749,33000.0
부산광역시 해운대구 재송동,센텀삼익아파트,49.99,12780.0
부산광역시 해운대구 재송동,센텀삼익아파트,70.582,14000.0
부산광역시 해운대구 재송동,센텀삼익아파트,70.58,14000.0
부산광역시 해운대구 재송동,센텀삼익아파트,70.58,16000.0
부산광역시 해운대구 재송동,센텀삼익아파트,70.58,14500.0
부산광역시 해운대구 재송동,센텀우신골든빌,76.0621,21800.0
부산광역시 해운대구 재송동,센텀우신골든빌,76.0621,24000.0
부산광역시 해운대구 재송동,센텀이편한세상,73.405,33400.0
부산광역시 해운대구 재송동,센텀이편한세상,84.842,36000.0
부산광역시 해운대구 재송동,센텀이편한세상,73.405,32900.0
부산광역시 해운대구 재송동,센텀이편한세상,73.405,34000.0
부산광역시 해운대구 재송동,센텀피오레1차,74.2233,26500.0
부산광역시 해운대구 재송동,센텀협성르네상스타운,84.4011,36700.0
부산광역시 해운대구 재송동,센텀협성르네상스타운,73.4795,37000.0
부산광역시 해운대구 재송동,센텀협성르네상스타운,84.4011,35600.0
부산광역시 해운대구 재송동,시영79년,40.13,13300.0
부산광역시 해운대구 재송동,시영80년,43.9,11500.0
부산광역시 해운대구 재송동,시영80년,43.9,10800.0
부산광역시 해운대구 재송동,영광그린파크(가),84.87,14500.0
부산광역시 해운대구 재송동,영광그린파크(가),65.25,11700.0
부산광역시 해운대구 재송동,유창맨션,49.95,14400.0
부산광역시 해운대구 재송동,이화맨션,57.99,8350.0
부산광역시 해운대구 재송동,재송동코오롱,84.92,13500.0
부산광역시 해운대구 재송동,현대(1051-2),50.805,13800.0
부산광역시 해운대구 좌동,LH뜨란채아파트,59.98,21200.0
부산광역시 해운대구 좌동,SK VIEW,39.95,17200.0
부산광역시 해운대구 좌동,건영1,59.88,24200.0
부산광역시 해운대구 좌동,건영1,84.93,35600.0
부산광역시 해운대구 좌동,건영1,59.88,24600.0
부산광역시 해운대구 좌동,건영2,84.84,37800.0
부산광역시 해운대구 좌동,건영2,84.64,34500.0
부산광역시 해운대구 좌동,건영2,84.64,35700.0
부산광역시 해운대구 좌동,건영2,84.84,35200.0
부산광역시 해운대구 좌동,건영2,59.526,24800.0
부산광역시 해운대구 좌동,경남,58.804,23500.0
부산광역시 해운대구 좌동,경남선경,84.93,27900.0
부산광역시 해운대구 좌동,경동지-플러스,59.5925,27500.0
부산광역시 해운대구 좌동,대동타운,84.88,31400.0
부산광역시 해운대구 좌동,대동타운,50.575,20850.0
부산광역시 해운대구 좌동,대동타운,59.95,23800.0
부산광역시 해운대구 좌동,대동타운,59.95,24500.0
부산광역시 해운대구 좌동,대동타운,50.575,21050.0
부산광역시 해운대구 좌동,대동타운,84.88,35800.0
부산광역시 해운대구 좌동,대동타운,59.95,24300.0
부산광역시 해운대구 좌동,대림,84.974,37300.0
부산광역시 해운대구 좌동,대림,84.974,39500.0
부산광역시 해운대구 좌동,대림3,59.816,20500.0
부산광역시 해운대구 좌동,대우,59.946,26500.0
부산광역시 해운대구 좌동,대우,59.946,25500.0
부산광역시 해운대구 좌동,대우2,84.962,37000.0
부산광역시 해운대구 좌동,대우2,59.946,24900.0
부산광역시 해운대구 좌동,동부,83.6,36000.0
부산광역시 해운대구 좌동,동부,58.44,23600.0
부산광역시 해운대구 좌동,동부,58.44,24000.0
부산광역시 해운대구 좌동,동부,58.44,23700.0
부산광역시 해운대구 좌동,동신,55.68,21600.0
부산광역시 해운대구 좌동,두산1차,59.94,22000.0
부산광역시 해운대구 좌동,두산1차,59.94,21300.0
부산광역시 해운대구 좌동,두산2,59.94,28000.0
부산광역시 해운대구 좌동,롯데3차,59.6,25300.0
부산광역시 해운대구 좌동,롯데3차,59.6,25700.0
부산광역시 해운대구 좌동,롯데4,59.6,25800.0
부산광역시 해운대구 좌동,롯데4,59.6,20600.0
부산광역시 해운대구 좌동,벽산1,59.73,29600.0
부산광역시 해운대구 좌동,벽산1,59.73,25900.0
부산광역시 해운대구 좌동,벽산2,59.73,22500.0
부산광역시 해운대구 좌동,벽산2,84.99,31200.0
부산광역시 해운대구 좌동,벽산2,59.73,24450.0
부산광역시 해운대구 좌동,삼성,84.996,34000.0
부산광역시 해운대구 좌동,삼정코아,59.9898,25500.0
부산광역시 해운대구 좌동,상록,59.85,23500.0
부산광역시 해운대구 좌동,상록,59.85,22450.0
부산광역시 해운대구 좌동,상록,59.85,20500.0
부산광역시 해운대구 좌동,신성,57.9,23750.0
부산광역시 해운대구 좌동,엘지,84.973,35500.0
부산광역시 해운대구 좌동,엘지,49.83,20000.0
부산광역시 해운대구 좌동,엘지,49.83,19300.0
부산광역시 해운대구 좌동,엘지,59.94,25050.0
부산광역시 해운대구 좌동,엘지,59.94,22800.0
부산광역시 해운대구 좌동,엘지,49.83,20100.0
부산광역시 해운대구 좌동,영남,59.585,23800.0
부산광역시 해운대구 좌동,코오롱,84.95,38900.0
부산광역시 해운대구 좌동,코오롱,59.985,26000.0
부산광역시 해운대구 좌동,코오롱,84.95,38000.0
부산광역시 해운대구 좌동,한라,84.96,37000.0
부산광역시 해운대구 좌동,한일,58.2,22250.0
부산광역시 해운대구 좌동,한일,58.2,24400.0
부산광역시 해운대구 좌동,해운대 센트럴파크,59.99,21800.0
부산광역시 해운대구 좌동,해운대 센트럴파크,59.99,22000.0
부산광역시 해운대구 좌동,해운대 센트럴파크,59.99,21000.0
부산광역시 해운대구 좌동,해운대 센트럴파크,59.99,21500.0
부산광역시 해운대구 좌동,화목,56.345,30800.0
부산광역시 해운대구 중동,달맞이 경동메르빌,84.951,35000.0
부산광역시 해운대구 중동,마마 아파트,84.86,17100.0
부산광역시 해운대구 중동,아크로뷰,24.93,6700.0
부산광역시 해운대구 중동,중동맨션,66.78,12505.0
부산광역시 해운대구 중동,현우산호맨션,44.22,12000.0
